Chromatogram,,,,,
UV 1_280,,Cond,,Run Log,
ml,mAU,ml,mS/cm,ml,
0.000000,2.774292,0.000000,41.997379,0.000000,Phase Equilibration
0.004150,4.070215,0.001660,42.001343,0.498000,Phase Elution
0.008300,3.744496,0.003320,41.995974,2.539800,Phase Wash
0.012450,4.079431,0.004980,41.993561,,
0.016600,4.179006,0.006640,41.999897,,
0.020750,3.530475,0.008300,42.001955,,
0.024900,3.561104,0.009960,42.000552,,
0.029050,3.879515,0.011620,41.995790,,
0.033200,4.067752,0.013280,41.998037,,
0.037350,4.081118,0.014940,42.000865,,
0.041500,4.484119,0.016600,42.002221,,
0.045650,4.575414,0.018260,42.000465,,
0.049800,4.166825,0.019920,42.005141,,
0.053950,3.547960,0.021580,42.003614,,
0.058100,4.407148,0.023240,42.003620,,
0.062250,3.826405,0.024900,41.994273,,
0.066400,3.621192,0.026560,41.998753,,
0.070550,3.540051,0.028220,41.998938,,
0.074700,4.314650,0.029880,41.989593,,
0.078850,4.322433,0.031540,41.977929,,
0.083000,3.743756,0.033200,41.913345,,
0.087150,3.026965,0.034860,41.728522,,
0.091300,3.445784,0.036520,41.350303,,
0.095450,4.545078,0.038180,40.790236,,
0.099600,3.967159,0.039840,40.235879,,
0.103750,3.650247,0.041500,39.993577,,
0.107900,3.970735,0.043160,40.239067,,
0.112050,3.927163,0.044820,40.783653,,
0.116200,4.071268,0.046480,41.348054,,
0.120350,3.441521,0.048140,41.738129,,
0.124500,3.366373,0.049800,41.919751,,
0.128650,4.466858,0.051460,41.976043,,
0.132800,3.943846,0.053120,41.996844,,
0.136950,3.896777,0.054780,42.001643,,
0.141100,4.148368,0.056440,42.003123,,
0.145250,4.245023,0.058100,41.995187,,
0.149400,4.280870,0.059760,42.008428,,
0.153550,4.097211,0.061420,42.000042,,
0.157700,3.445050,0.063080,41.999473,,
0.161850,3.848760,0.064740,41.994462,,
0.166000,4.288804,0.066400,41.998308,,
0.170150,3.808110,0.068060,41.998387,,
0.174300,3.188482,0.069720,41.999260,,
0.178450,3.433678,0.071380,41.996658,,
0.182600,3.424057,0.073040,42.000508,,
0.186750,2.975791,0.074700,41.998419,,
0.190900,3.283221,0.076360,41.992802,,
0.195050,3.955816,0.078020,42.004736,,
0.199200,4.245157,0.079680,42.002259,,
0.203350,4.249144,0.081340,42.001677,,
0.207500,4.565980,0.083000,42.003569,,
0.211650,3.756281,0.084660,41.999528,,
0.215800,2.925518,0.086320,42.003425,,
0.219950,4.226655,0.087980,42.005305,,
0.224100,4.018276,0.089640,42.000689,,
0.228250,4.341973,0.091300,42.000717,,
0.232400,3.627646,0.092960,42.005198,,
0.236550,3.370854,0.094620,41.999750,,
0.240700,3.667666,0.096280,42.000668,,
0.244850,5.007206,0.097940,42.003392,,
0.249000,4.446883,0.099600,42.006815,,
0.253150,4.278784,0.101260,42.004406,,
0.257300,4.166558,0.102920,41.990857,,
0.261450,4.829309,0.104580,41.998323,,
0.265600,4.105804,0.106240,41.991450,,
0.269750,4.267234,0.107900,41.999071,,
0.273900,3.895613,0.109560,41.996062,,
0.278050,3.711953,0.111220,41.999781,,
0.282200,3.691431,0.112880,42.003456,,
0.286350,3.653642,0.114540,41.999476,,
0.290500,4.023325,0.116200,42.000935,,
0.294650,3.892109,0.117860,41.998957,,
0.298800,4.224387,0.119520,41.997361,,
0.302950,5.201993,0.121180,42.000283,,
0.307100,4.431747,0.122840,41.996865,,
0.311250,4.573079,0.124500,41.994470,,
0.315400,4.046592,0.126160,41.998292,,
0.319550,4.081950,0.127820,41.997816,,
0.323700,3.280722,0.129480,41.998075,,
0.327850,4.239740,0.131140,41.997961,,
0.332000,4.066436,0.132800,41.994079,,
0.336150,5.125946,0.134460,42.002019,,
0.340300,3.730060,0.136120,41.993231,,
0.344450,4.628792,0.137780,42.005476,,
0.348600,4.637977,0.139440,42.004253,,
0.352750,3.532945,0.141100,42.000345,,
0.356900,3.809205,0.142760,41.998406,,
0.361050,4.277204,0.144420,42.008203,,
0.365200,3.577502,0.146080,41.998604,,
0.369350,3.717349,0.147740,42.002020,,
0.373500,4.369965,0.149400,42.006614,,
0.377650,4.946374,0.151060,41.999812,,
0.381800,3.506733,0.152720,42.001602,,
0.385950,3.514445,0.154380,42.003922,,
0.390100,4.047767,0.156040,41.999755,,
0.394250,3.807275,0.157700,42.010723,,
0.398400,4.450388,0.159360,41.996423,,
0.402550,3.853618,0.161020,42.004902,,
0.406700,4.208551,0.162680,42.005678,,
0.410850,4.500550,0.164340,42.003434,,
0.415000,3.825842,0.166000,42.003338,,
0.419150,4.001357,0.167660,41.998321,,
0.423300,4.151480,0.169320,41.997447,,
0.427450,4.286519,0.170980,42.006663,,
0.431600,3.754310,0.172640,42.004542,,
0.435750,4.222898,0.174300,41.997377,,
0.439900,3.529961,0.175960,42.001274,,
0.444050,4.430559,0.177620,42.003307,,
0.448200,3.733031,0.179280,41.997411,,
0.452350,4.058036,0.180940,42.000294,,
0.456500,3.871021,0.182600,41.998761,,
0.460650,4.181445,0.184260,41.999827,,
0.464800,4.891720,0.185920,42.003621,,
0.468950,3.799115,0.187580,41.994288,,
0.473100,4.226387,0.189240,41.997805,,
0.477250,4.479850,0.190900,41.993510,,
0.481400,3.476370,0.192560,41.998766,,
0.485550,3.124175,0.194220,42.000779,,
0.489700,2.797769,0.195880,41.994532,,
0.493850,5.247606,0.197540,42.001123,,
0.498000,4.258770,0.199200,42.003136,,
0.502150,4.862069,0.200860,41.999769,,
0.506300,3.130327,0.202520,42.005196,,
0.510450,3.293211,0.204180,41.998767,,
0.514600,3.753873,0.205840,42.000994,,
0.518750,2.852984,0.207500,41.994448,,
0.522900,4.670219,0.209160,42.001786,,
0.527050,4.198682,0.210820,41.999612,,
0.531200,4.314392,0.212480,41.996300,,
0.535350,3.929163,0.214140,42.000994,,
0.539500,4.298387,0.215800,41.995009,,
0.543650,4.137866,0.217460,42.004057,,
0.547800,3.588582,0.219120,41.996095,,
0.551950,3.935665,0.220780,42.004682,,
0.556100,4.256744,0.222440,41.994321,,
0.560250,3.703026,0.224100,42.004786,,
0.564400,3.405123,0.225760,41.998454,,
0.568550,4.195316,0.227420,42.000907,,
0.572700,4.418033,0.229080,42.003472,,
0.576850,3.132183,0.230740,41.999950,,
0.581000,3.290352,0.232400,41.994801,,
0.585150,4.031376,0.234060,42.002608,,
0.589300,4.946346,0.235720,41.997098,,
0.593450,3.883375,0.237380,41.998404,,
0.597600,4.225570,0.239040,42.007562,,
0.601750,3.805127,0.240700,41.995603,,
0.605900,4.320761,0.242360,41.997236,,
0.610050,4.783790,0.244020,42.004968,,
0.614200,4.067225,0.245680,41.998953,,
0.618350,4.538802,0.247340,41.994320,,
0.622500,3.770658,0.249000,41.997955,,
0.626650,3.723845,0.250660,42.001565,,
0.630800,3.603628,0.252320,41.992357,,
0.634950,2.491232,0.253980,42.002367,,
0.639100,4.412576,0.255640,42.007632,,
0.643250,3.890905,0.257300,42.002019,,
0.647400,3.316739,0.258960,41.998285,,
0.651550,4.086471,0.260620,42.002207,,
0.655700,4.608689,0.262280,42.000503,,
0.659850,3.829763,0.263940,41.995431,,
0.664000,4.283855,0.265600,42.001115,,
0.668150,3.550148,0.267260,42.004072,,
0.672300,3.577959,0.268920,42.004400,,
0.676450,4.070172,0.270580,42.001019,,
0.680600,3.002242,0.272240,41.998541,,
0.684750,4.719330,0.273900,42.007350,,
0.688900,3.190980,0.275560,42.001737,,
0.693050,4.091352,0.277220,42.001012,,
0.697200,3.757608,0.278880,41.999733,,
0.701350,4.500829,0.280540,42.003830,,
0.705500,3.868243,0.282200,42.002568,,
0.709650,3.629285,0.283860,42.005364,,
0.713800,3.381148,0.285520,42.000081,,
0.717950,3.478783,0.287180,42.002115,,
0.722100,3.844750,0.288840,41.998368,,
0.726250,3.824444,0.290500,41.994997,,
0.730400,4.042208,0.292160,41.999648,,
0.734550,4.957039,0.293820,41.998131,,
0.738700,4.036560,0.295480,41.998096,,
0.742850,4.004874,0.297140,41.999503,,
0.747000,4.306874,0.298800,42.005406,,
0.751150,3.848822,0.300460,42.000521,,
0.755300,3.552435,0.302120,41.999203,,
0.759450,4.578407,0.303780,42.006418,,
0.763600,4.394603,0.305440,42.001671,,
0.767750,3.863584,0.307100,41.996954,,
0.771900,3.174843,0.308760,41.995903,,
0.776050,3.661770,0.310420,41.999567,,
0.780200,3.718668,0.312080,41.990695,,
0.784350,3.620777,0.313740,41.997183,,
0.788500,3.303390,0.315400,42.007027,,
0.792650,3.730831,0.317060,41.998729,,
0.796800,3.837224,0.318720,41.995155,,
0.800950,4.393056,0.320380,42.004127,,
0.805100,4.409249,0.322040,41.999534,,
0.809250,3.924403,0.323700,42.001261,,
0.813400,3.895176,0.325360,42.003655,,
0.817550,3.782143,0.327020,41.994989,,
0.821700,3.617390,0.328680,41.994671,,
0.825850,4.867656,0.330340,42.004168,,
0.830000,4.010424,0.332000,41.995134,,
0.834150,3.730786,0.333660,42.000698,,
0.838300,3.748149,0.335320,42.003978,,
0.842450,3.916098,0.336980,41.996702,,
0.846600,3.519012,0.338640,42.000442,,
0.850750,3.840701,0.340300,41.997167,,
0.854900,4.031172,0.341960,42.000917,,
0.859050,4.468644,0.343620,42.000885,,
0.863200,3.996980,0.345280,41.997164,,
0.867350,4.318098,0.346940,41.994301,,
0.871500,3.480142,0.348600,42.006857,,
0.875650,4.119536,0.350260,42.004465,,
0.879800,4.420533,0.351920,41.999014,,
0.883950,3.391948,0.353580,42.006018,,
0.888100,4.848298,0.355240,41.999591,,
0.892250,4.082850,0.356900,42.004223,,
0.896400,4.217424,0.358560,41.999113,,
0.900550,3.763842,0.360220,41.995174,,
0.904700,4.650352,0.361880,41.998970,,
0.908850,3.939098,0.363540,41.991600,,
0.913000,3.957135,0.365200,42.000056,,
0.917150,4.309144,0.366860,41.998295,,
0.921300,4.110984,0.368520,41.997381,,
0.925450,3.209958,0.370180,41.998583,,
0.929600,3.404904,0.371840,42.001204,,
0.933750,4.085015,0.373500,41.997837,,
0.937900,4.138687,0.375160,41.998658,,
0.942050,4.671939,0.376820,41.999458,,
0.946200,4.489817,0.378480,42.002497,,
0.950350,3.558239,0.380140,42.003168,,
0.954500,3.424169,0.381800,42.002568,,
0.958650,4.991566,0.383460,42.004862,,
0.962800,3.845500,0.385120,41.998854,,
0.966950,4.172432,0.386780,42.009617,,
0.971100,3.557885,0.388440,41.998442,,
0.975250,3.813948,0.390100,42.005522,,
0.979400,3.829677,0.391760,41.997884,,
0.983550,3.803749,0.393420,42.001437,,
0.987700,4.111378,0.395080,42.001761,,
0.991850,3.665447,0.396740,42.002593,,
0.996000,3.040546,0.398400,42.002529,,
1.000150,3.839548,0.400060,42.005687,,
1.004300,4.118798,0.401720,42.000363,,
1.008450,4.256812,0.403380,42.000139,,
1.012600,3.948012,0.405040,41.995560,,
1.016750,4.002139,0.406700,42.001068,,
1.020900,4.282662,0.408360,41.997402,,
1.025050,4.096699,0.410020,41.996079,,
1.029200,4.066271,0.411680,42.005432,,
1.033350,3.870937,0.413340,41.999822,,
1.037500,3.568573,0.415000,41.998575,,
1.041650,3.762909,0.416660,41.993862,,
1.045800,4.718835,0.418320,41.993615,,
1.049950,4.091950,0.419980,41.997630,,
1.054100,4.077268,0.421640,41.997990,,
1.058250,4.122022,0.423300,42.002053,,
1.062400,4.229016,0.424960,41.999973,,
1.066550,4.181386,0.426620,41.996654,,
1.070700,3.936834,0.428280,41.996834,,
1.074850,4.222353,0.429940,41.997470,,
1.079000,4.319910,0.431600,42.004829,,
1.083150,4.004802,0.433260,42.006693,,
1.087300,3.828566,0.434920,41.999263,,
1.091450,3.620495,0.436580,42.011531,,
1.095600,4.268027,0.438240,41.994994,,
1.099750,3.428593,0.439900,41.993380,,
1.103900,3.349261,0.441560,41.992551,,
1.108050,4.383599,0.443220,41.999687,,
1.112200,5.035589,0.444880,42.002069,,
1.116350,2.769723,0.446540,41.998313,,
1.120500,2.925375,0.448200,42.007666,,
1.124650,3.079955,0.449860,41.998414,,
1.128800,3.436724,0.451520,42.002704,,
1.132950,4.602058,0.453180,42.001447,,
1.137100,4.616059,0.454840,41.997224,,
1.141250,4.215654,0.456500,41.998161,,
1.145400,4.339847,0.458160,41.995348,,
1.149550,3.034456,0.459820,42.004985,,
1.153700,3.706623,0.461480,42.001999,,
1.157850,3.280175,0.463140,41.999583,,
1.162000,4.215200,0.464800,41.988182,,
1.166150,4.314689,0.466460,41.998845,,
1.170300,4.032270,0.468120,41.999200,,
1.174450,3.984218,0.469780,41.998819,,
1.178600,4.093826,0.471440,41.995782,,
1.182750,3.835150,0.473100,42.002854,,
1.186900,3.484276,0.474760,41.999194,,
1.191050,3.382828,0.476420,42.006692,,
1.195200,4.137487,0.478080,41.998960,,
1.199350,4.172134,0.479740,41.998088,,
1.203500,4.314740,0.481400,41.994406,,
1.207650,3.773768,0.483060,41.999747,,
1.211800,3.586767,0.484720,41.996968,,
1.215950,4.039251,0.486380,42.002923,,
1.220100,4.351467,0.488040,42.001231,,
1.224250,4.506961,0.489700,42.002790,,
1.228400,4.410504,0.491360,41.998948,,
1.232550,3.207533,0.493020,42.002985,,
1.236700,3.652902,0.494680,41.998096,,
1.240850,4.592280,0.496340,41.995063,,
1.245000,4.435060,0.498000,41.994621,,
1.249150,3.883541,0.499660,42.002918,,
1.253300,4.314608,0.501320,41.997578,,
1.257450,4.599701,0.502980,41.995522,,
1.261600,4.476827,0.504640,41.998350,,
1.265750,4.773419,0.506300,41.999485,,
1.269900,3.608238,0.507960,42.002460,,
1.274050,4.617610,0.509620,41.999387,,
1.278200,5.229804,0.511280,41.994765,,
1.282350,3.588660,0.512940,42.002023,,
1.286500,3.181083,0.514600,42.000115,,
1.290650,3.689295,0.516260,41.996396,,
1.294800,4.216725,0.517920,41.993983,,
1.298950,3.886614,0.519580,41.999803,,
1.303100,4.072355,0.521240,42.003288,,
1.307250,4.848075,0.522900,42.004876,,
1.311400,2.896093,0.524560,42.002824,,
1.315550,3.259835,0.526220,42.001826,,
1.319700,3.514737,0.527880,42.005359,,
1.323850,5.192594,0.529540,41.999432,,
1.328000,4.272879,0.531200,41.997170,,
1.332150,3.329145,0.532860,41.996309,,
1.336300,3.603574,0.534520,41.999595,,
1.340450,4.433073,0.536180,41.998200,,
1.344600,3.582819,0.537840,41.992909,,
1.348750,3.643135,0.539500,42.000708,,
1.352900,3.959105,0.541160,42.002302,,
1.357050,3.551322,0.542820,41.999804,,
1.361200,3.019229,0.544480,42.003991,,
1.365350,3.141678,0.546140,41.992932,,
1.369500,3.873409,0.547800,42.001426,,
1.373650,4.279669,0.549460,42.004087,,
1.377800,3.832579,0.551120,41.996649,,
1.381950,4.203305,0.552780,42.000531,,
1.386100,3.541900,0.554440,42.004077,,
1.390250,3.567060,0.556100,41.996663,,
1.394400,3.730989,0.557760,41.993747,,
1.398550,4.173994,0.559420,42.000410,,
1.402700,5.291224,0.561080,42.003774,,
1.406850,2.676272,0.562740,41.995043,,
1.411000,3.079596,0.564400,41.996748,,
1.415150,5.139823,0.566060,41.999666,,
1.419300,3.918881,0.567720,41.999916,,
1.423450,3.871677,0.569380,41.996873,,
1.427600,3.769411,0.571040,42.004812,,
1.431750,4.162000,0.572700,42.003983,,
1.435900,4.364694,0.574360,42.000431,,
1.440050,4.277240,0.576020,42.001677,,
1.444200,4.232269,0.577680,42.004666,,
1.448350,3.503756,0.579340,42.001040,,
1.452500,3.812462,0.581000,41.997945,,
1.456650,5.020701,0.582660,42.002961,,
1.460800,3.697004,0.584320,41.999468,,
1.464950,4.298981,0.585980,41.996667,,
1.469100,3.113837,0.587640,42.001355,,
1.473250,4.845122,0.589300,41.993382,,
1.477400,4.564700,0.590960,42.001952,,
1.481550,4.307152,0.592620,41.996564,,
1.485700,3.786910,0.594280,42.001425,,
1.489850,3.585581,0.595940,42.001135,,
1.494000,3.882507,0.597600,42.000365,,
1.498150,4.511232,0.599260,42.004829,,
1.502300,4.019340,0.600920,42.002557,,
1.506450,3.969426,0.602580,41.998000,,
1.510600,4.820682,0.604240,42.005105,,
1.514750,4.571594,0.605900,42.010191,,
1.518900,3.863185,0.607560,41.992876,,
1.523050,3.718772,0.609220,42.003163,,
1.527200,3.337724,0.610880,42.000708,,
1.531350,3.183145,0.612540,41.997332,,
1.535500,4.530180,0.614200,42.005393,,
1.539650,3.993791,0.615860,42.002578,,
1.543800,4.264618,0.617520,41.990478,,
1.547950,5.304110,0.619180,42.000597,,
1.552100,3.626081,0.620840,41.998167,,
1.556250,3.413245,0.622500,41.999354,,
1.560400,4.493798,0.624160,41.996991,,
1.564550,4.535131,0.625820,42.004023,,
1.568700,3.280493,0.627480,42.004663,,
1.572850,4.701633,0.629140,41.998437,,
1.577000,3.802010,0.630800,41.995091,,
1.581150,4.391927,0.632460,42.000574,,
1.585300,4.356824,0.634120,42.004629,,
1.589450,3.438347,0.635780,42.000463,,
1.593600,3.703933,0.637440,42.003961,,
1.597750,3.987362,0.639100,42.000354,,
1.601900,3.712099,0.640760,42.002877,,
1.606050,4.409902,0.642420,42.001210,,
1.610200,5.088459,0.644080,41.997438,,
1.614350,3.903170,0.645740,41.996574,,
1.618500,4.939171,0.647400,41.997505,,
1.622650,3.735035,0.649060,41.997591,,
1.626800,4.101878,0.650720,41.997816,,
1.630950,3.976103,0.652380,41.997789,,
1.635100,3.294318,0.654040,41.998865,,
1.639250,3.892174,0.655700,41.992040,,
1.643400,4.012770,0.657360,41.996466,,
1.647550,4.095542,0.659020,41.994894,,
1.651700,4.573633,0.660680,42.002754,,
1.655850,3.788843,0.662340,41.997324,,
1.660000,3.917583,0.664000,42.004753,,
1.664150,4.004656,0.665660,42.000875,,
1.668300,3.771501,0.667320,42.002841,,
1.672450,5.045630,0.668980,42.003939,,
1.676600,4.357735,0.670640,41.995757,,
1.680750,4.111884,0.672300,42.002822,,
1.684900,3.769126,0.673960,41.995815,,
1.689050,3.653752,0.675620,42.001431,,
1.693200,4.244518,0.677280,42.007013,,
1.697350,4.616524,0.678940,42.008363,,
1.701500,3.795971,0.680600,42.000013,,
1.705650,3.886773,0.682260,41.996311,,
1.709800,4.114274,0.683920,41.994324,,
1.713950,4.535490,0.685580,42.002108,,
1.718100,3.735436,0.687240,42.003303,,
1.722250,3.737418,0.688900,42.003783,,
1.726400,3.660564,0.690560,41.995714,,
1.730550,3.632941,0.692220,42.001289,,
1.734700,5.027403,0.693880,41.996001,,
1.738850,4.204250,0.695540,42.001515,,
1.743000,3.544125,0.697200,41.995392,,
1.747150,4.099369,0.698860,42.000660,,
1.751300,3.196181,0.700520,42.002124,,
1.755450,4.407793,0.702180,42.001521,,
1.759600,4.572437,0.703840,42.000804,,
1.763750,4.186980,0.705500,41.993185,,
1.767900,3.876869,0.707160,41.994764,,
1.772050,3.202227,0.708820,41.999061,,
1.776200,3.599820,0.710480,41.992953,,
1.780350,3.526100,0.712140,41.997751,,
1.784500,4.924847,0.713800,42.004108,,
1.788650,3.797491,0.715460,41.998865,,
1.792800,4.649309,0.717120,41.994458,,
1.796950,4.024287,0.718780,42.004191,,
1.801100,4.084840,0.720440,42.004953,,
1.805250,4.151983,0.722100,41.992997,,
1.809400,4.029663,0.723760,41.993577,,
1.813550,3.701813,0.725420,41.995572,,
1.817700,3.396365,0.727080,42.003966,,
1.821850,3.650607,0.728740,41.989319,,
1.826000,4.559754,0.730400,41.998242,,
1.830150,4.651729,0.732060,42.002284,,
1.834300,3.230283,0.733720,42.001670,,
1.838450,4.266181,0.735380,42.003121,,
1.842600,3.784365,0.737040,42.000868,,
1.846750,3.610357,0.738700,41.997444,,
1.850900,3.801853,0.740360,41.991203,,
1.855050,3.352479,0.742020,42.000377,,
1.859200,4.188813,0.743680,42.003164,,
1.863350,3.943009,0.745340,42.001649,,
1.867500,4.736745,0.747000,42.000228,,
1.871650,4.291304,0.748660,42.000456,,
1.875800,3.522281,0.750320,41.996633,,
1.879950,3.166882,0.751980,41.990974,,
1.884100,4.236101,0.753640,42.005152,,
1.888250,4.604531,0.755300,41.997442,,
1.892400,4.430716,0.756960,41.992588,,
1.896550,4.641576,0.758620,42.003310,,
1.900700,3.860497,0.760280,42.002981,,
1.904850,4.192627,0.761940,41.999778,,
1.909000,3.877532,0.763600,41.999982,,
1.913150,3.922384,0.765260,42.000161,,
1.917300,3.995992,0.766920,42.002198,,
1.921450,3.628707,0.768580,41.995981,,
1.925600,4.139357,0.770240,42.002525,,
1.929750,4.200267,0.771900,42.003732,,
1.933900,3.714904,0.773560,42.000351,,
1.938050,4.496771,0.775220,42.004960,,
1.942200,4.366079,0.776880,42.003901,,
1.946350,4.630904,0.778540,41.994443,,
1.950500,4.307733,0.780200,42.003356,,
1.954650,4.257845,0.781860,41.997507,,
1.958800,3.954798,0.783520,41.992473,,
1.962950,5.248373,0.785180,42.007230,,
1.967100,3.732745,0.786840,42.000839,,
1.971250,4.162542,0.788500,41.996510,,
1.975400,4.236786,0.790160,42.007860,,
1.979550,3.486943,0.791820,42.003997,,
1.983700,4.233018,0.793480,41.994350,,
1.987850,3.063490,0.795140,41.993491,,
1.992000,3.610003,0.796800,41.993967,,
1.996150,4.315618,0.798460,41.994921,,
2.000300,3.224474,0.800120,41.997446,,
2.004450,4.297278,0.801780,41.997818,,
2.008600,3.900051,0.803440,41.996242,,
2.012750,4.771962,0.805100,42.004291,,
2.016900,4.162237,0.806760,41.996271,,
2.021050,4.345070,0.808420,41.995177,,
2.025200,3.994065,0.810080,42.001004,,
2.029350,3.854500,0.811740,42.005513,,
2.033500,3.523187,0.813400,42.005442,,
2.037650,4.007108,0.815060,41.997401,,
2.041800,4.569433,0.816720,42.001366,,
2.045950,3.322947,0.818380,41.999121,,
2.050100,4.696708,0.820040,42.000880,,
2.054250,3.555054,0.821700,41.994842,,
2.058400,4.093582,0.823360,42.004250,,
2.062550,4.212325,0.825020,42.008315,,
2.066700,4.189935,0.826680,42.002161,,
2.070850,4.203151,0.828340,41.996085,,
2.075000,3.287949,0.830000,42.001155,,
2.079150,3.317691,0.831660,41.998102,,
2.083300,4.906748,0.833320,42.002825,,
2.087450,3.675894,0.834980,42.001748,,
2.091600,3.637876,0.836640,41.990394,,
2.095750,3.762808,0.838300,41.998210,,
2.099900,3.741617,0.839960,42.002288,,
2.104050,5.079309,0.841620,41.999619,,
2.108200,5.723988,0.843280,42.002743,,
2.112350,4.098968,0.844940,41.998280,,
2.116500,3.925716,0.846600,42.001183,,
2.120650,4.106303,0.848260,41.994922,,
2.124800,3.949498,0.849920,42.007223,,
2.128950,4.300205,0.851580,41.998765,,
2.133100,3.698281,0.853240,42.006245,,
2.137250,5.432802,0.854900,41.995670,,
2.141400,4.029074,0.856560,41.998632,,
2.145550,4.475715,0.858220,42.003408,,
2.149700,4.638899,0.859880,42.000719,,
2.153850,4.257294,0.861540,41.999750,,
2.158000,3.644317,0.863200,41.998469,,
2.162150,3.319975,0.864860,41.999063,,
2.166300,4.194766,0.866520,42.009735,,
2.170450,3.574747,0.868180,41.993847,,
2.174600,4.630001,0.869840,42.001056,,
2.178750,3.572740,0.871500,41.992876,,
2.182900,3.665026,0.873160,42.005449,,
2.187050,3.733382,0.874820,42.003892,,
2.191200,4.326005,0.876480,41.996197,,
2.195350,4.648900,0.878140,42.003669,,
2.199500,3.067903,0.879800,41.997506,,
2.203650,4.701720,0.881460,41.995842,,
2.207800,3.909522,0.883120,41.998942,,
2.211950,3.604144,0.884780,41.993386,,
2.216100,4.266664,0.886440,42.004709,,
2.220250,3.708050,0.888100,42.003695,,
2.224400,3.761904,0.889760,41.999925,,
2.228550,4.276395,0.891420,41.995960,,
2.232700,4.304460,0.893080,41.999042,,
2.236850,3.117678,0.894740,42.005124,,
2.241000,4.144727,0.896400,41.999848,,
2.245150,3.726125,0.898060,41.997288,,
2.249300,4.102233,0.899720,41.991231,,
2.253450,3.739999,0.901380,42.002917,,
2.257600,4.845386,0.903040,41.998520,,
2.261750,3.613783,0.904700,42.000915,,
2.265900,3.533931,0.906360,41.994764,,
2.270050,4.319909,0.908020,41.999195,,
2.274200,3.486739,0.909680,41.996700,,
2.278350,3.635619,0.911340,41.998401,,
2.282500,3.625431,0.913000,42.006539,,
2.286650,2.626274,0.914660,41.999323,,
2.290800,3.969159,0.916320,41.994423,,
2.294950,4.546985,0.917980,42.001473,,
2.299100,3.885637,0.919640,42.002565,,
2.303250,3.017552,0.921300,41.999112,,
2.307400,4.605708,0.922960,41.997300,,
2.311550,3.955438,0.924620,41.994726,,
2.315700,3.982291,0.926280,42.002727,,
2.319850,4.232437,0.927940,41.997801,,
2.324000,4.312593,0.929600,42.000637,,
2.328150,3.861903,0.931260,42.004733,,
2.332300,3.387109,0.932920,42.003583,,
2.336450,3.237965,0.934580,42.001353,,
2.340600,3.646023,0.936240,42.006251,,
2.344750,4.072278,0.937900,42.002326,,
2.348900,4.280008,0.939560,41.997180,,
2.353050,3.453159,0.941220,41.999198,,
2.357200,3.967902,0.942880,42.003477,,
2.361350,3.785242,0.944540,42.002254,,
2.365500,3.934203,0.946200,42.001054,,
2.369650,4.030772,0.947860,42.008025,,
2.373800,3.691169,0.949520,41.999568,,
2.377950,4.520681,0.951180,42.002530,,
2.382100,3.696013,0.952840,42.006935,,
2.386250,3.197821,0.954500,42.013781,,
2.390400,3.785161,0.956160,42.013809,,
2.394550,3.614757,0.957820,42.009639,,
2.398700,2.886710,0.959480,42.017161,,
2.402850,4.497597,0.961140,42.025034,,
2.407000,3.885349,0.962800,42.014483,,
2.411150,3.905004,0.964460,42.034787,,
2.415300,5.590732,0.966120,42.040677,,
2.419450,4.269918,0.967780,42.046130,,
2.423600,5.108740,0.969440,42.058149,,
2.427750,4.003785,0.971100,42.070949,,
2.431900,3.675281,0.972760,42.085062,,
2.436050,3.787989,0.974420,42.099663,,
2.440200,3.536067,0.976080,42.120585,,
2.444350,3.335406,0.977740,42.129304,,
2.448500,4.421475,0.979400,42.153195,,
2.452650,3.730722,0.981060,42.190884,,
2.456800,4.180394,0.982720,42.214762,,
2.460950,3.337224,0.984380,42.252956,,
2.465100,3.358975,0.986040,42.288156,,
2.469250,3.937620,0.987700,42.320923,,
2.473400,4.823910,0.989360,42.375180,,
2.477550,3.568589,0.991020,42.418828,,
2.481700,3.870131,0.992680,42.471804,,
2.485850,3.260655,0.994340,42.525505,,
2.490000,4.242519,0.996000,42.585227,,
2.494150,3.340803,0.997660,42.643918,,
2.498300,4.385856,0.999320,42.731607,,
2.502450,3.949488,1.000980,42.789794,,
2.506600,4.291201,1.002640,42.861473,,
2.510750,3.484095,1.004300,42.934658,,
2.514900,3.017341,1.005960,43.016893,,
2.519050,3.643519,1.007620,43.101977,,
2.523200,3.630587,1.009280,43.184206,,
2.527350,3.920135,1.010940,43.261699,,
2.531500,3.575618,1.012600,43.344788,,
2.535650,4.008679,1.014260,43.413965,,
2.539800,4.461761,1.015920,43.497237,,
2.543950,3.444224,1.017580,43.578996,,
2.548100,2.854361,1.019240,43.657419,,
2.552250,3.465865,1.020900,43.730482,,
2.556400,3.773265,1.022560,43.798091,,
2.560550,3.078920,1.024220,43.854614,,
2.564700,3.768872,1.025880,43.923209,,
2.568850,4.699873,1.027540,43.973460,,
2.573000,4.222187,1.029200,44.030140,,
2.577150,4.451981,1.030860,44.055157,,
2.581300,3.622963,1.032520,44.077895,,
2.585450,4.316114,1.034180,44.108547,,
2.589600,3.546927,1.035840,44.135470,,
2.593750,3.953983,1.037500,44.154084,,
2.597900,4.794374,1.039160,44.142510,,
2.602050,4.097913,1.040820,44.136431,,
2.606200,3.480876,1.042480,44.115049,,
2.610350,4.443398,1.044140,44.103292,,
2.614500,2.780924,1.045800,44.089227,,
2.618650,4.183506,1.047460,44.050526,,
2.622800,3.405113,1.049120,43.993432,,
2.626950,3.909424,1.050780,43.956205,,
2.631100,2.869361,1.052440,43.901988,,
2.635250,3.655756,1.054100,43.867957,,
2.639400,4.089951,1.055760,43.799009,,
2.643550,3.327861,1.057420,43.726907,,
2.647700,4.151475,1.059080,43.654970,,
2.651850,4.074497,1.060740,43.594497,,
2.656000,4.150145,1.062400,43.524191,,
2.660150,3.286279,1.064060,43.457217,,
2.664300,3.673875,1.065720,43.381524,,
2.668450,4.917786,1.067380,43.308079,,
2.672600,3.770895,1.069040,43.229869,,
2.676750,3.082913,1.070700,43.157218,,
2.680900,4.449613,1.072360,43.087527,,
2.685050,4.342149,1.074020,43.032488,,
2.689200,3.425561,1.075680,42.947053,,
2.693350,3.831318,1.077340,42.884820,,
2.697500,4.107484,1.079000,42.809246,,
2.701650,3.930251,1.080660,42.760251,,
2.705800,4.654298,1.082320,42.705849,,
2.709950,4.299351,1.083980,42.650275,,
2.714100,4.218330,1.085640,42.594691,,
2.718250,4.194053,1.087300,42.528287,,
2.722400,3.878330,1.088960,42.494606,,
2.726550,5.015476,1.090620,42.451993,,
2.730700,4.246694,1.092280,42.414881,,
2.734850,4.557082,1.093940,42.366656,,
2.739000,4.354787,1.095600,42.334093,,
2.743150,3.624108,1.097260,42.300855,,
2.747300,3.865326,1.098920,42.279648,,
2.751450,3.610459,1.100580,42.247901,,
2.755600,2.776323,1.102240,42.224962,,
2.759750,4.578723,1.103900,42.182801,,
2.763900,3.011344,1.105560,42.177115,,
2.768050,4.893859,1.107220,42.157373,,
2.772200,3.424239,1.108880,42.141139,,
2.776350,3.798034,1.110540,42.120788,,
2.780500,4.122369,1.112200,42.089434,,
2.784650,3.461572,1.113860,42.102065,,
2.788800,3.986067,1.115520,42.082001,,
2.792950,4.353894,1.117180,42.070560,,
2.797100,3.461316,1.118840,42.053590,,
2.801250,3.734580,1.120500,42.053672,,
2.805400,4.550718,1.122160,42.050050,,
2.809550,3.926033,1.123820,42.045969,,
2.813700,4.596633,1.125480,42.036377,,
2.817850,3.735951,1.127140,42.029600,,
2.822000,4.045544,1.128800,42.022572,,
2.826150,4.019845,1.130460,42.031583,,
2.830300,2.982366,1.132120,42.016894,,
2.834450,2.798264,1.133780,42.014656,,
2.838600,4.198729,1.135440,42.011265,,
2.842750,3.978091,1.137100,42.013478,,
2.846900,4.337024,1.138760,42.013257,,
2.851050,4.577855,1.140420,42.011658,,
2.855200,3.975097,1.142080,42.010745,,
2.859350,4.749143,1.143740,42.008413,,
2.863500,3.240980,1.145400,41.998184,,
2.867650,5.026817,1.147060,42.001685,,
2.871800,4.684627,1.148720,42.006418,,
2.875950,5.141034,1.150380,42.002679,,
2.880100,3.827341,1.152040,42.001834,,
2.884250,4.120403,1.153700,42.001448,,
2.888400,4.245187,1.155360,42.008421,,
2.892550,3.699195,1.157020,42.003768,,
2.896700,3.989532,1.158680,42.001716,,
2.900850,3.711317,1.160340,42.010336,,
2.905000,3.370147,1.162000,41.999744,,
2.909150,3.940522,1.163660,41.998383,,
2.913300,5.099117,1.165320,42.000016,,
2.917450,3.771112,1.166980,42.001240,,
2.921600,3.928202,1.168640,41.997587,,
2.925750,4.438552,1.170300,41.998766,,
2.929900,4.134030,1.171960,41.998676,,
2.934050,4.101141,1.173620,41.995093,,
2.938200,4.092815,1.175280,42.004961,,
2.942350,4.181022,1.176940,41.998448,,
2.946500,4.540868,1.178600,42.000693,,
2.950650,4.216146,1.180260,41.998860,,
2.954800,4.331856,1.181920,41.995435,,
2.958950,4.665726,1.183580,41.997024,,
2.963100,4.220582,1.185240,42.001738,,
2.967250,3.637505,1.186900,42.006827,,
2.971400,4.174967,1.188560,42.004352,,
2.975550,4.149122,1.190220,41.995613,,
2.979700,3.829504,1.191880,42.008523,,
2.983850,4.599106,1.193540,42.007059,,
2.988000,3.570568,1.195200,41.995849,,
,,1.196860,42.004787,,
,,1.198520,41.997195,,
,,1.200180,42.006597,,
,,1.201840,41.999313,,
,,1.203500,42.001929,,
,,1.205160,41.996783,,
,,1.206820,42.007096,,
,,1.208480,41.996988,,
,,1.210140,41.997188,,
,,1.211800,41.991423,,
,,1.213460,42.000756,,
,,1.215120,42.002564,,
,,1.216780,41.993290,,
,,1.218440,41.997651,,
,,1.220100,42.003943,,
,,1.221760,41.999477,,
,,1.223420,41.996734,,
,,1.225080,42.003775,,
,,1.226740,41.999588,,
,,1.228400,42.006045,,
,,1.230060,41.996962,,
,,1.231720,42.001269,,
,,1.233380,41.999163,,
,,1.235040,41.994244,,
,,1.236700,41.998345,,
,,1.238360,41.995671,,
,,1.240020,42.002443,,
,,1.241680,42.000496,,
,,1.243340,42.001886,,
,,1.245000,42.001594,,
,,1.246660,42.008534,,
,,1.248320,41.997601,,
,,1.249980,42.006978,,
,,1.251640,41.997645,,
,,1.253300,41.994940,,
,,1.254960,41.997797,,
,,1.256620,41.997731,,
,,1.258280,41.999266,,
,,1.259940,41.995574,,
,,1.261600,41.998831,,
,,1.263260,41.999062,,
,,1.264920,42.002875,,
,,1.266580,41.995365,,
,,1.268240,41.996325,,
,,1.269900,41.996741,,
,,1.271560,42.002288,,
,,1.273220,42.002661,,
,,1.274880,42.001034,,
,,1.276540,42.003315,,
,,1.278200,41.997697,,
,,1.279860,41.993759,,
,,1.281520,42.003832,,
,,1.283180,42.004158,,
,,1.284840,41.998357,,
,,1.286500,42.003286,,
,,1.288160,42.003685,,
,,1.289820,42.004195,,
,,1.291480,42.000608,,
,,1.293140,41.999703,,
,,1.294800,42.005788,,
,,1.296460,41.994490,,
,,1.298120,42.001536,,
,,1.299780,42.006439,,
,,1.301440,41.997196,,
,,1.303100,42.004236,,
,,1.304760,41.994776,,
,,1.306420,42.000377,,
,,1.308080,41.999143,,
,,1.309740,42.005681,,
,,1.311400,41.999571,,
,,1.313060,42.001554,,
,,1.314720,41.998101,,
,,1.316380,41.998418,,
,,1.318040,42.000149,,
,,1.319700,41.995679,,
,,1.321360,42.002456,,
,,1.323020,41.995434,,
,,1.324680,41.999936,,
,,1.326340,42.000126,,
,,1.328000,41.998655,,
,,1.329660,42.002386,,
,,1.331320,41.995236,,
,,1.332980,42.001260,,
,,1.334640,41.996477,,
,,1.336300,41.998465,,
,,1.337960,41.999984,,
,,1.339620,41.995654,,
,,1.341280,41.997704,,
,,1.342940,42.002810,,
,,1.344600,42.000132,,
,,1.346260,42.004823,,
,,1.347920,42.005133,,
,,1.349580,41.998536,,
,,1.351240,41.999553,,
,,1.352900,41.992375,,
,,1.354560,42.007119,,
,,1.356220,41.999603,,
,,1.357880,42.001683,,
,,1.359540,42.005894,,
,,1.361200,41.994529,,
,,1.362860,41.993352,,
,,1.364520,42.001336,,
,,1.366180,41.995568,,
,,1.367840,41.994244,,
,,1.369500,42.001226,,
,,1.371160,41.995221,,
,,1.372820,42.000305,,
,,1.374480,41.994677,,
,,1.376140,41.996563,,
,,1.377800,41.998665,,
,,1.379460,42.002013,,
,,1.381120,42.002112,,
,,1.382780,42.000128,,
,,1.384440,42.002160,,
,,1.386100,41.997053,,
,,1.387760,41.995371,,
,,1.389420,42.002162,,
,,1.391080,42.001511,,
,,1.392740,42.002055,,
,,1.394400,41.994323,,
,,1.396060,41.993969,,
,,1.397720,42.000053,,
,,1.399380,42.001727,,
,,1.401040,42.001709,,
,,1.402700,41.998491,,
,,1.404360,41.998949,,
,,1.406020,41.993593,,
,,1.407680,41.998603,,
,,1.409340,41.993494,,
,,1.411000,42.004641,,
,,1.412660,42.009855,,
,,1.414320,41.999206,,
,,1.415980,42.001197,,
,,1.417640,42.000596,,
,,1.419300,42.004506,,
,,1.420960,42.005873,,
,,1.422620,41.996585,,
,,1.424280,42.002494,,
,,1.425940,41.996498,,
,,1.427600,42.006856,,
,,1.429260,42.006801,,
,,1.430920,41.998369,,
,,1.432580,42.007594,,
,,1.434240,41.996464,,
,,1.435900,41.994694,,
,,1.437560,41.999875,,
,,1.439220,41.998390,,
,,1.440880,41.998792,,
,,1.442540,41.997087,,
,,1.444200,42.004565,,
,,1.445860,42.000163,,
,,1.447520,41.999464,,
,,1.449180,41.999162,,
,,1.450840,42.000141,,
,,1.452500,41.996696,,
,,1.454160,42.001816,,
,,1.455820,41.994746,,
,,1.457480,41.996311,,
,,1.459140,42.005511,,
,,1.460800,42.004075,,
,,1.462460,42.004465,,
,,1.464120,41.997834,,
,,1.465780,41.998685,,
,,1.467440,41.997623,,
,,1.469100,41.991061,,
,,1.470760,41.997595,,
,,1.472420,42.001701,,
,,1.474080,41.991361,,
,,1.475740,42.000844,,
,,1.477400,42.000795,,
,,1.479060,42.002151,,
,,1.480720,42.000235,,
,,1.482380,42.000269,,
,,1.484040,41.999657,,
,,1.485700,42.002297,,
,,1.487360,42.004430,,
,,1.489020,42.002946,,
,,1.490680,41.996566,,
,,1.492340,42.003612,,
,,1.494000,42.002147,,
,,1.495660,42.006888,,
,,1.497320,41.996543,,
,,1.498980,41.997377,,
,,1.500640,41.995423,,
,,1.502300,42.003388,,
,,1.503960,41.998281,,
,,1.505620,41.991376,,
,,1.507280,41.998588,,
,,1.508940,42.002381,,
,,1.510600,41.997742,,
,,1.512260,41.993628,,
,,1.513920,41.994709,,
,,1.515580,41.998557,,
,,1.517240,42.001710,,
,,1.518900,41.996306,,
,,1.520560,41.997683,,
,,1.522220,41.994372,,
,,1.523880,41.994018,,
,,1.525540,42.002381,,
,,1.527200,41.997281,,
,,1.528860,42.002649,,
,,1.530520,41.999779,,
,,1.532180,42.005577,,
,,1.533840,41.999420,,
,,1.535500,41.999449,,
,,1.537160,42.004373,,
,,1.538820,42.000124,,
,,1.540480,41.994451,,
,,1.542140,41.999852,,
,,1.543800,42.002889,,
,,1.545460,42.002936,,
,,1.547120,42.001497,,
,,1.548780,42.008004,,
,,1.550440,41.996327,,
,,1.552100,41.999092,,
,,1.553760,42.009000,,
,,1.555420,41.995799,,
,,1.557080,41.999650,,
,,1.558740,41.998928,,
,,1.560400,42.000885,,
,,1.562060,42.006076,,
,,1.563720,41.999489,,
,,1.565380,42.002419,,
,,1.567040,41.995870,,
,,1.568700,42.000179,,
,,1.570360,42.000799,,
,,1.572020,41.995367,,
,,1.573680,42.001566,,
,,1.575340,41.998931,,
,,1.577000,42.001217,,
,,1.578660,42.001751,,
,,1.580320,42.002622,,
,,1.581980,42.006616,,
,,1.583640,41.997799,,
,,1.585300,41.993217,,
,,1.586960,42.006508,,
,,1.588620,41.994717,,
,,1.590280,42.001575,,
,,1.591940,41.999150,,
,,1.593600,41.999201,,
,,1.595260,42.002317,,
,,1.596920,42.004187,,
,,1.598580,42.002678,,
,,1.600240,41.995455,,
,,1.601900,42.003608,,
,,1.603560,42.000124,,
,,1.605220,41.995820,,
,,1.606880,42.002311,,
,,1.608540,42.002828,,
,,1.610200,42.000577,,
,,1.611860,42.002522,,
,,1.613520,41.999269,,
,,1.615180,41.998070,,
,,1.616840,41.999706,,
,,1.618500,41.997838,,
,,1.620160,41.998549,,
,,1.621820,42.001156,,
,,1.623480,41.998440,,
,,1.625140,42.002678,,
,,1.626800,41.999961,,
,,1.628460,42.001833,,
,,1.630120,42.000445,,
,,1.631780,41.992530,,
,,1.633440,42.007167,,
,,1.635100,41.996050,,
,,1.636760,41.996149,,
,,1.638420,42.001417,,
,,1.640080,42.000200,,
,,1.641740,42.000110,,
,,1.643400,41.999772,,
,,1.645060,41.997468,,
,,1.646720,41.999179,,
,,1.648380,42.002505,,
,,1.650040,42.008711,,
,,1.651700,41.992893,,
,,1.653360,41.994858,,
,,1.655020,41.997038,,
,,1.656680,42.002847,,
,,1.658340,42.000606,,
,,1.660000,41.997930,,
,,1.661660,41.997124,,
,,1.663320,41.998717,,
,,1.664980,42.002334,,
,,1.666640,41.998656,,
,,1.668300,42.000590,,
,,1.669960,42.005659,,
,,1.671620,42.005500,,
,,1.673280,41.997270,,
,,1.674940,42.004105,,
,,1.676600,41.999427,,
,,1.678260,41.992127,,
,,1.679920,42.003466,,
,,1.681580,41.998372,,
,,1.683240,42.000855,,
,,1.684900,41.998769,,
,,1.686560,42.002705,,
,,1.688220,42.003815,,
,,1.689880,41.998749,,
,,1.691540,41.998741,,
,,1.693200,42.007994,,
,,1.694860,42.004707,,
,,1.696520,41.996989,,
,,1.698180,41.995310,,
,,1.699840,41.998928,,
,,1.701500,42.004982,,
,,1.703160,41.997133,,
,,1.704820,41.996725,,
,,1.706480,42.000659,,
,,1.708140,42.006048,,
,,1.709800,42.002384,,
,,1.711460,42.002291,,
,,1.713120,42.004794,,
,,1.714780,41.996872,,
,,1.716440,42.004371,,
,,1.718100,41.998364,,
,,1.719760,42.005199,,
,,1.721420,42.002031,,
,,1.723080,41.994909,,
,,1.724740,41.999463,,
,,1.726400,42.003078,,
,,1.728060,41.997217,,
,,1.729720,41.994787,,
,,1.731380,41.997215,,
,,1.733040,42.001068,,
,,1.734700,42.003550,,
,,1.736360,41.997917,,
,,1.738020,41.993609,,
,,1.739680,41.996380,,
,,1.741340,41.999793,,
,,1.743000,41.998393,,
,,1.744660,42.003669,,
,,1.746320,41.997441,,
,,1.747980,42.002334,,
,,1.749640,42.000697,,
,,1.751300,41.998633,,
,,1.752960,41.999053,,
,,1.754620,41.991087,,
,,1.756280,42.001390,,
,,1.757940,42.000383,,
,,1.759600,41.997917,,
,,1.761260,42.005183,,
,,1.762920,42.001854,,
,,1.764580,41.995693,,
,,1.766240,41.998186,,
,,1.767900,42.004512,,
,,1.769560,42.000740,,
,,1.771220,41.999550,,
,,1.772880,41.993204,,
,,1.774540,42.007927,,
,,1.776200,42.001948,,
,,1.777860,42.002874,,
,,1.779520,41.996409,,
,,1.781180,42.001436,,
,,1.782840,41.999313,,
,,1.784500,41.995329,,
,,1.786160,41.999625,,
,,1.787820,42.003254,,
,,1.789480,41.999042,,
,,1.791140,41.991309,,
,,1.792800,42.001766,,
,,1.794460,41.999673,,
,,1.796120,41.997956,,
,,1.797780,41.998867,,
,,1.799440,42.001578,,
,,1.801100,41.996663,,
,,1.802760,41.996364,,
,,1.804420,42.006726,,
,,1.806080,42.005631,,
,,1.807740,41.995515,,
,,1.809400,41.999936,,
,,1.811060,42.001789,,
,,1.812720,42.003651,,
,,1.814380,41.992934,,
,,1.816040,41.999790,,
,,1.817700,42.001304,,
,,1.819360,42.004473,,
,,1.821020,41.997779,,
,,1.822680,42.003377,,
,,1.824340,41.992640,,
,,1.826000,41.996885,,
,,1.827660,41.995788,,
,,1.829320,42.006288,,
,,1.830980,41.997720,,
,,1.832640,42.000709,,
,,1.834300,42.000935,,
,,1.835960,41.994396,,
,,1.837620,42.007752,,
,,1.839280,41.998103,,
,,1.840940,42.000465,,
,,1.842600,42.001835,,
,,1.844260,41.991934,,
,,1.845920,42.006714,,
,,1.847580,42.005728,,
,,1.849240,42.003084,,
,,1.850900,41.994710,,
,,1.852560,42.002033,,
,,1.854220,41.999947,,
,,1.855880,41.995032,,
,,1.857540,41.999841,,
,,1.859200,42.000076,,
,,1.860860,42.005694,,
,,1.862520,42.006424,,
,,1.864180,41.998195,,
,,1.865840,41.999058,,
,,1.867500,42.001229,,
,,1.869160,41.990821,,
,,1.870820,41.992780,,
,,1.872480,42.000161,,
,,1.874140,41.994375,,
,,1.875800,42.003243,,
,,1.877460,41.996693,,
,,1.879120,42.004224,,
,,1.880780,42.000410,,
,,1.882440,41.999625,,
,,1.884100,41.995000,,
,,1.885760,42.002739,,
,,1.887420,41.998074,,
,,1.889080,41.996677,,
,,1.890740,42.003152,,
,,1.892400,41.999033,,
,,1.894060,42.004666,,
,,1.895720,42.003725,,
,,1.897380,41.997298,,
,,1.899040,41.996708,,
,,1.900700,42.004718,,
,,1.902360,42.000554,,
,,1.904020,42.005445,,
,,1.905680,42.000220,,
,,1.907340,42.002045,,
,,1.909000,42.002219,,
,,1.910660,42.010308,,
,,1.912320,41.999270,,
,,1.913980,42.000135,,
,,1.915640,42.002421,,
,,1.917300,41.994005,,
,,1.918960,41.998085,,
,,1.920620,41.996542,,
,,1.922280,41.998168,,
,,1.923940,41.999323,,
,,1.925600,41.999175,,
,,1.927260,41.996056,,
,,1.928920,41.993588,,
,,1.930580,42.006700,,
,,1.932240,42.004139,,
,,1.933900,41.998623,,
,,1.935560,41.991821,,
,,1.937220,42.002260,,
,,1.938880,41.999806,,
,,1.940540,41.995520,,
,,1.942200,41.999493,,
,,1.943860,42.003552,,
,,1.945520,42.000318,,
,,1.947180,41.993523,,
,,1.948840,41.993739,,
,,1.950500,42.003175,,
,,1.952160,42.003136,,
,,1.953820,42.004600,,
,,1.955480,41.995632,,
,,1.957140,41.998370,,
,,1.958800,42.010346,,
,,1.960460,42.000963,,
,,1.962120,41.997771,,
,,1.963780,41.999189,,
,,1.965440,41.997891,,
,,1.967100,41.994826,,
,,1.968760,42.004370,,
,,1.970420,42.002653,,
,,1.972080,42.001091,,
,,1.973740,41.998269,,
,,1.975400,42.003810,,
,,1.977060,41.995474,,
,,1.978720,41.988851,,
,,1.980380,41.991382,,
,,1.982040,41.997806,,
,,1.983700,42.000935,,
,,1.985360,42.004793,,
,,1.987020,41.998151,,
,,1.988680,41.998119,,
,,1.990340,42.006820,,
,,1.992000,41.998702,,
,,1.993660,41.997332,,
,,1.995320,42.005754,,
,,1.996980,41.995680,,
,,1.998640,41.995956,,
,,2.000300,42.000850,,
,,2.001960,41.997875,,
,,2.003620,41.999839,,
,,2.005280,42.000260,,
,,2.006940,42.000706,,
,,2.008600,41.992517,,
,,2.010260,42.000671,,
,,2.011920,42.001918,,
,,2.013580,41.998490,,
,,2.015240,42.003356,,
,,2.016900,41.997019,,
,,2.018560,41.991287,,
,,2.020220,42.001601,,
,,2.021880,42.004226,,
,,2.023540,42.000255,,
,,2.025200,41.998386,,
,,2.026860,41.995333,,
,,2.028520,41.999642,,
,,2.030180,41.998450,,
,,2.031840,42.000513,,
,,2.033500,41.999620,,
,,2.035160,42.006057,,
,,2.036820,42.000447,,
,,2.038480,42.001207,,
,,2.040140,42.001491,,
,,2.041800,41.998166,,
,,2.043460,41.994132,,
,,2.045120,41.993669,,
,,2.046780,42.002659,,
,,2.048440,42.003962,,
,,2.050100,42.007443,,
,,2.051760,41.996353,,
,,2.053420,42.001695,,
,,2.055080,41.996908,,
,,2.056740,41.999465,,
,,2.058400,42.006757,,
,,2.060060,42.001658,,
,,2.061720,42.002536,,
,,2.063380,42.001079,,
,,2.065040,41.996013,,
,,2.066700,42.000667,,
,,2.068360,41.999430,,
,,2.070020,41.996664,,
,,2.071680,42.000185,,
,,2.073340,41.996494,,
,,2.075000,42.005565,,
,,2.076660,42.000007,,
,,2.078320,41.992897,,
,,2.079980,42.003073,,
,,2.081640,41.999955,,
,,2.083300,41.996127,,
,,2.084960,42.003518,,
,,2.086620,41.995888,,
,,2.088280,41.996317,,
,,2.089940,41.994571,,
,,2.091600,42.003392,,
,,2.093260,41.996306,,
,,2.094920,41.991740,,
,,2.096580,41.992859,,
,,2.098240,42.004524,,
,,2.099900,42.005008,,
,,2.101560,41.997061,,
,,2.103220,41.994759,,
,,2.104880,41.999032,,
,,2.106540,42.005239,,
,,2.108200,41.994571,,
,,2.109860,41.999807,,
,,2.111520,42.005879,,
,,2.113180,41.993650,,
,,2.114840,41.995766,,
,,2.116500,41.996495,,
,,2.118160,41.998075,,
,,2.119820,42.000863,,
,,2.121480,42.000186,,
,,2.123140,42.001925,,
,,2.124800,42.001590,,
,,2.126460,41.997478,,
,,2.128120,42.009583,,
,,2.129780,42.006894,,
,,2.131440,42.002619,,
,,2.133100,41.998069,,
,,2.134760,42.003066,,
,,2.136420,41.994084,,
,,2.138080,41.994604,,
,,2.139740,41.995779,,
,,2.141400,42.003301,,
,,2.143060,41.997285,,
,,2.144720,42.009796,,
,,2.146380,41.996801,,
,,2.148040,42.004409,,
,,2.149700,42.000287,,
,,2.151360,41.994468,,
,,2.153020,42.000402,,
,,2.154680,41.997132,,
,,2.156340,41.999168,,
,,2.158000,42.000618,,
,,2.159660,42.001566,,
,,2.161320,41.992147,,
,,2.162980,42.003225,,
,,2.164640,41.993819,,
,,2.166300,41.997694,,
,,2.167960,42.003284,,
,,2.169620,41.997780,,
,,2.171280,41.998206,,
,,2.172940,42.001187,,
,,2.174600,41.998101,,
,,2.176260,41.995804,,
,,2.177920,42.002175,,
,,2.179580,42.003340,,
,,2.181240,41.997394,,
,,2.182900,42.001066,,
,,2.184560,42.000403,,
,,2.186220,41.999648,,
,,2.187880,42.003682,,
,,2.189540,42.007105,,
,,2.191200,41.999379,,
,,2.192860,41.994587,,
,,2.194520,42.003117,,
,,2.196180,41.997594,,
,,2.197840,42.005148,,
,,2.199500,42.004653,,
,,2.201160,41.991856,,
,,2.202820,42.000685,,
,,2.204480,42.003507,,
,,2.206140,41.999268,,
,,2.207800,42.003957,,
,,2.209460,42.003975,,
,,2.211120,41.998825,,
,,2.212780,42.002592,,
,,2.214440,42.002892,,
,,2.216100,41.995858,,
,,2.217760,42.009583,,
,,2.219420,41.996745,,
,,2.221080,42.003373,,
,,2.222740,42.008072,,
,,2.224400,42.004029,,
,,2.226060,41.998438,,
,,2.227720,42.004793,,
,,2.229380,41.996082,,
,,2.231040,41.998710,,
,,2.232700,42.000359,,
,,2.234360,41.999733,,
,,2.236020,42.002283,,
,,2.237680,41.998267,,
,,2.239340,41.999407,,
,,2.241000,42.000855,,
,,2.242660,42.003288,,
,,2.244320,41.996037,,
,,2.245980,41.989081,,
,,2.247640,42.000477,,
,,2.249300,42.001205,,
,,2.250960,42.010564,,
,,2.252620,41.997949,,
,,2.254280,42.004808,,
,,2.255940,42.001585,,
,,2.257600,41.999099,,
,,2.259260,41.990802,,
,,2.260920,42.004167,,
,,2.262580,42.002389,,
,,2.264240,42.001220,,
,,2.265900,42.000637,,
,,2.267560,42.001821,,
,,2.269220,42.006129,,
,,2.270880,42.000183,,
,,2.272540,41.995946,,
,,2.274200,42.007025,,
,,2.275860,41.999696,,
,,2.277520,42.005533,,
,,2.279180,42.007394,,
,,2.280840,41.994273,,
,,2.282500,41.997862,,
,,2.284160,41.998284,,
,,2.285820,42.002746,,
,,2.287480,42.001833,,
,,2.289140,41.998383,,
,,2.290800,42.001348,,
,,2.292460,41.999609,,
,,2.294120,42.001477,,
,,2.295780,41.996176,,
,,2.297440,41.996684,,
,,2.299100,41.997648,,
,,2.300760,41.999861,,
,,2.302420,41.996647,,
,,2.304080,41.997549,,
,,2.305740,41.999138,,
,,2.307400,41.999083,,
,,2.309060,42.008016,,
,,2.310720,41.999919,,
,,2.312380,42.004256,,
,,2.314040,41.994692,,
,,2.315700,41.998390,,
,,2.317360,42.000858,,
,,2.319020,42.003096,,
,,2.320680,41.997077,,
,,2.322340,41.995882,,
,,2.324000,41.995753,,
,,2.325660,41.999093,,
,,2.327320,42.002032,,
,,2.328980,42.006888,,
,,2.330640,41.998464,,
,,2.332300,42.002848,,
,,2.333960,42.001061,,
,,2.335620,41.997248,,
,,2.337280,41.997384,,
,,2.338940,42.000873,,
,,2.340600,41.996141,,
,,2.342260,42.003719,,
,,2.343920,41.998678,,
,,2.345580,42.006400,,
,,2.347240,41.993026,,
,,2.348900,42.000493,,
,,2.350560,41.990625,,
,,2.352220,42.002694,,
,,2.353880,42.001633,,
,,2.355540,41.999758,,
,,2.357200,42.001420,,
,,2.358860,41.998450,,
,,2.360520,42.002756,,
,,2.362180,42.003460,,
,,2.363840,42.000723,,
,,2.365500,41.999762,,
,,2.367160,41.996056,,
,,2.368820,41.999066,,
,,2.370480,41.995463,,
,,2.372140,41.998456,,
,,2.373800,41.999914,,
,,2.375460,41.995405,,
,,2.377120,42.000112,,
,,2.378780,41.994505,,
,,2.380440,42.000019,,
,,2.382100,42.004963,,
,,2.383760,41.995556,,
,,2.385420,42.001052,,
,,2.387080,42.005211,,
,,2.388740,42.000377,,
,,2.390400,41.999337,,
,,2.392060,41.992265,,
,,2.393720,42.001458,,
,,2.395380,42.003899,,
,,2.397040,42.007357,,
,,2.398700,41.998555,,
,,2.400360,42.002515,,
,,2.402020,41.996781,,
,,2.403680,42.000166,,
,,2.405340,42.001446,,
,,2.407000,41.997699,,
,,2.408660,41.998308,,
,,2.410320,42.001364,,
,,2.411980,42.001863,,
,,2.413640,41.997686,,
,,2.415300,42.003064,,
,,2.416960,41.999609,,
,,2.418620,42.003269,,
,,2.420280,41.998186,,
,,2.421940,41.996471,,
,,2.423600,41.998389,,
,,2.425260,42.005274,,
,,2.426920,42.001371,,
,,2.428580,42.001706,,
,,2.430240,41.999173,,
,,2.431900,42.008629,,
,,2.433560,42.003660,,
,,2.435220,42.004211,,
,,2.436880,42.002063,,
,,2.438540,41.999367,,
,,2.440200,42.002683,,
,,2.441860,41.993250,,
,,2.443520,42.000170,,
,,2.445180,42.000811,,
,,2.446840,41.996292,,
,,2.448500,42.005072,,
,,2.450160,42.000559,,
,,2.451820,42.002129,,
,,2.453480,41.997747,,
,,2.455140,41.999255,,
,,2.456800,41.997491,,
,,2.458460,41.990195,,
,,2.460120,42.003248,,
,,2.461780,41.997114,,
,,2.463440,41.996261,,
,,2.465100,42.001125,,
,,2.466760,42.003857,,
,,2.468420,41.995489,,
,,2.470080,41.993070,,
,,2.471740,41.997291,,
,,2.473400,41.999907,,
,,2.475060,42.002287,,
,,2.476720,41.996624,,
,,2.478380,41.992409,,
,,2.480040,41.990310,,
,,2.481700,42.003446,,
,,2.483360,42.001583,,
,,2.485020,42.003426,,
,,2.486680,42.001998,,
,,2.488340,41.996621,,
,,2.490000,42.005014,,
,,2.491660,42.004120,,
,,2.493320,41.996763,,
,,2.494980,42.001388,,
,,2.496640,41.997314,,
,,2.498300,41.998813,,
,,2.499960,41.995943,,
,,2.501620,42.002383,,
,,2.503280,41.996472,,
,,2.504940,41.998472,,
,,2.506600,42.005076,,
,,2.508260,41.994643,,
,,2.509920,41.997112,,
,,2.511580,41.999090,,
,,2.513240,42.007430,,
,,2.514900,42.009024,,
,,2.516560,41.994863,,
,,2.518220,41.999226,,
,,2.519880,41.998980,,
,,2.521540,42.003395,,
,,2.523200,42.001501,,
,,2.524860,42.000556,,
,,2.526520,41.995641,,
,,2.528180,42.005566,,
,,2.529840,41.997432,,
,,2.531500,42.001547,,
,,2.533160,41.995882,,
,,2.534820,42.001571,,
,,2.536480,42.000716,,
,,2.538140,41.996024,,
,,2.539800,42.001487,,
,,2.541460,42.000395,,
,,2.543120,41.999628,,
,,2.544780,41.997256,,
,,2.546440,41.999805,,
,,2.548100,41.998231,,
,,2.549760,41.997111,,
,,2.551420,42.009177,,
,,2.553080,41.992931,,
,,2.554740,42.002505,,
,,2.556400,41.998611,,
,,2.558060,42.001833,,
,,2.559720,42.000339,,
,,2.561380,41.999266,,
,,2.563040,42.007883,,
,,2.564700,42.000480,,
,,2.566360,42.000194,,
,,2.568020,42.001302,,
,,2.569680,42.000782,,
,,2.571340,42.004359,,
,,2.573000,42.000282,,
,,2.574660,41.992176,,
,,2.576320,41.998596,,
,,2.577980,41.997522,,
,,2.579640,42.006355,,
,,2.581300,42.000670,,
,,2.582960,42.002793,,
,,2.584620,42.000176,,
,,2.586280,42.000027,,
,,2.587940,42.007889,,
,,2.589600,41.996111,,
,,2.591260,42.003555,,
,,2.592920,42.006474,,
,,2.594580,41.995714,,
,,2.596240,42.005066,,
,,2.597900,41.998702,,
,,2.599560,41.996791,,
,,2.601220,41.997146,,
,,2.602880,41.998831,,
,,2.604540,41.998893,,
,,2.606200,41.995179,,
,,2.607860,41.994837,,
,,2.609520,41.993879,,
,,2.611180,41.996829,,
,,2.612840,41.995217,,
,,2.614500,42.003859,,
,,2.616160,41.998206,,
,,2.617820,41.997476,,
,,2.619480,41.999261,,
,,2.621140,42.001344,,
,,2.622800,42.000762,,
,,2.624460,42.002344,,
,,2.626120,41.995972,,
,,2.627780,42.005956,,
,,2.629440,42.000375,,
,,2.631100,42.007290,,
,,2.632760,41.994912,,
,,2.634420,41.999762,,
,,2.636080,41.998142,,
,,2.637740,41.995551,,
,,2.639400,42.005947,,
,,2.641060,42.001609,,
,,2.642720,42.000286,,
,,2.644380,42.001170,,
,,2.646040,42.003703,,
,,2.647700,41.998606,,
,,2.649360,41.999587,,
,,2.651020,42.002248,,
,,2.652680,41.999198,,
,,2.654340,42.001542,,
,,2.656000,42.003983,,
,,2.657660,42.001758,,
,,2.659320,42.002517,,
,,2.660980,42.003961,,
,,2.662640,41.996990,,
,,2.664300,42.005784,,
,,2.665960,41.999939,,
,,2.667620,41.997127,,
,,2.669280,41.999068,,
,,2.670940,42.002995,,
,,2.672600,41.998543,,
,,2.674260,42.002328,,
,,2.675920,41.998258,,
,,2.677580,42.004495,,
,,2.679240,42.007190,,
,,2.680900,41.993429,,
,,2.682560,42.004999,,
,,2.684220,41.995674,,
,,2.685880,42.001379,,
,,2.687540,41.999651,,
,,2.689200,42.000479,,
,,2.690860,41.997930,,
,,2.692520,42.002380,,
,,2.694180,42.000415,,
,,2.695840,42.001220,,
,,2.697500,42.001540,,
,,2.699160,42.000833,,
,,2.700820,42.005613,,
,,2.702480,41.999819,,
,,2.704140,42.002070,,
,,2.705800,42.001583,,
,,2.707460,41.989844,,
,,2.709120,42.001024,,
,,2.710780,42.001357,,
,,2.712440,42.007374,,
,,2.714100,42.004929,,
,,2.715760,42.001489,,
,,2.717420,41.999791,,
,,2.719080,41.993001,,
,,2.720740,42.001744,,
,,2.722400,42.000417,,
,,2.724060,42.001610,,
,,2.725720,42.004402,,
,,2.727380,41.995331,,
,,2.729040,42.004601,,
,,2.730700,41.996017,,
,,2.732360,41.997746,,
,,2.734020,41.993721,,
,,2.735680,41.993871,,
,,2.737340,41.999616,,
,,2.739000,41.995272,,
,,2.740660,42.004555,,
,,2.742320,41.995823,,
,,2.743980,42.001083,,
,,2.745640,42.004653,,
,,2.747300,41.997084,,
,,2.748960,42.002445,,
,,2.750620,41.998036,,
,,2.752280,42.000473,,
,,2.753940,42.001344,,
,,2.755600,42.001978,,
,,2.757260,42.003151,,
,,2.758920,41.994221,,
,,2.760580,41.996690,,
,,2.762240,41.999881,,
,,2.763900,42.000767,,
,,2.765560,41.992165,,
,,2.767220,42.005444,,
,,2.768880,41.998188,,
,,2.770540,42.004109,,
,,2.772200,41.994888,,
,,2.773860,42.001903,,
,,2.775520,42.003190,,
,,2.777180,42.003218,,
,,2.778840,42.003024,,
,,2.780500,42.003254,,
,,2.782160,42.002586,,
,,2.783820,41.998173,,
,,2.785480,42.003763,,
,,2.787140,41.994517,,
,,2.788800,41.997048,,
,,2.790460,41.996548,,
,,2.792120,41.995987,,
,,2.793780,41.993462,,
,,2.795440,41.999287,,
,,2.797100,42.004402,,
,,2.798760,41.996399,,
,,2.800420,41.994592,,
,,2.802080,42.002032,,
,,2.803740,42.002088,,
,,2.805400,41.995787,,
,,2.807060,42.003045,,
,,2.808720,42.007614,,
,,2.810380,42.002004,,
,,2.812040,42.001458,,
,,2.813700,41.993930,,
,,2.815360,42.001351,,
,,2.817020,41.995323,,
,,2.818680,42.000724,,
,,2.820340,41.998628,,
,,2.822000,42.003699,,
,,2.823660,42.001071,,
,,2.825320,42.003910,,
,,2.826980,41.997780,,
,,2.828640,41.994834,,
,,2.830300,42.002156,,
,,2.831960,42.007419,,
,,2.833620,41.994670,,
,,2.835280,42.003273,,
,,2.836940,42.001935,,
,,2.838600,42.001800,,
,,2.840260,41.999624,,
,,2.841920,41.997911,,
,,2.843580,42.000616,,
,,2.845240,42.001344,,
,,2.846900,42.000232,,
,,2.848560,42.001466,,
,,2.850220,42.005725,,
,,2.851880,42.001446,,
,,2.853540,42.000702,,
,,2.855200,41.996815,,
,,2.856860,42.002608,,
,,2.858520,42.001871,,
,,2.860180,42.001028,,
,,2.861840,42.001177,,
,,2.863500,42.004323,,
,,2.865160,42.005235,,
,,2.866820,42.003468,,
,,2.868480,42.001255,,
,,2.870140,42.002413,,
,,2.871800,41.998362,,
,,2.873460,41.994198,,
,,2.875120,41.997352,,
,,2.876780,41.999289,,
,,2.878440,41.993975,,
,,2.880100,42.001944,,
,,2.881760,41.998248,,
,,2.883420,42.001386,,
,,2.885080,41.994830,,
,,2.886740,41.995517,,
,,2.888400,41.996705,,
,,2.890060,41.998621,,
,,2.891720,41.995977,,
,,2.893380,41.996395,,
,,2.895040,41.995374,,
,,2.896700,42.001748,,
,,2.898360,41.998002,,
,,2.900020,42.002758,,
,,2.901680,41.998891,,
,,2.903340,42.003755,,
,,2.905000,42.003443,,
,,2.906660,41.995728,,
,,2.908320,41.998341,,
,,2.909980,42.004851,,
,,2.911640,41.999701,,
,,2.913300,41.999464,,
,,2.914960,41.996991,,
,,2.916620,41.992903,,
,,2.918280,41.995824,,
,,2.919940,42.001849,,
,,2.921600,42.002709,,
,,2.923260,41.998949,,
,,2.924920,41.997044,,
,,2.926580,41.999969,,
,,2.928240,41.999311,,
,,2.929900,41.997136,,
,,2.931560,41.999686,,
,,2.933220,41.999578,,
,,2.934880,42.002599,,
,,2.936540,41.998835,,
,,2.938200,42.003632,,
,,2.939860,42.001967,,
,,2.941520,41.996773,,
,,2.943180,41.998766,,
,,2.944840,42.004441,,
,,2.946500,42.004317,,
,,2.948160,41.997786,,
,,2.949820,42.002144,,
,,2.951480,42.008726,,
,,2.953140,41.996872,,
,,2.954800,41.993915,,
,,2.956460,41.999225,,
,,2.958120,41.997973,,
,,2.959780,42.000346,,
,,2.961440,42.000676,,
,,2.963100,42.000346,,
,,2.964760,41.998531,,
,,2.966420,41.999096,,
,,2.968080,42.000907,,
,,2.969740,41.996864,,
,,2.971400,41.998203,,
,,2.973060,41.996567,,
,,2.974720,41.999188,,
,,2.976380,41.999061,,
,,2.978040,42.000263,,
,,2.979700,41.995833,,
,,2.981360,42.006645,,
,,2.983020,42.000099,,
,,2.984680,42.005412,,
,,2.986340,41.996680,,
,,2.988000,41.999610,,
