time_min,signal
0.00,0.0441
0.01,0.0000
0.02,0.0055
0.03,0.0000
0.04,0.0150
0.05,0.1124
0.06,0.0000
0.07,0.2431
0.08,0.0000
0.09,0.1088
0.10,0.1245
0.11,0.2655
0.12,0.1014
0.13,0.0000
0.14,0.0000
0.15,0.0532
0.16,0.0000
0.17,0.0649
0.18,0.2884
0.19,0.0982
0.20,0.0000
0.21,0.1949
0.22,0.1754
0.23,0.0596
0.24,0.1508
0.25,0.0116
0.26,0.0826
0.27,0.0000
0.28,0.2333
0.29,0.0000
0.30,0.0000
0.31,0.0000
0.32,0.0000
0.33,0.0000
0.34,0.0000
0.35,0.1167
0.36,0.0267
0.37,0.0000
0.38,0.1062
0.39,0.0000
0.40,0.0000
0.41,0.0000
0.42,0.0000
0.43,0.0000
0.44,0.0000
0.45,0.0336
0.46,0.0000
0.47,0.1754
0.48,0.0000
0.49,0.0000
0.50,0.0470
0.51,0.0000
0.52,0.0000
0.53,0.0000
0.54,0.1178
0.55,0.3206
0.56,0.3349
0.57,0.8903
0.58,2.7763
0.59,5.4443
0.60,7.8735
0.61,8.7494
0.62,9.5700
0.63,10.0074
0.64,10.0272
0.65,9.9557
0.66,9.8969
0.67,9.9655
0.68,10.0445
0.69,10.0490
0.70,9.9196
0.71,9.7464
0.72,10.0153
0.73,10.1387
0.74,9.9154
0.75,10.0667
0.76,9.9205
0.77,10.1723
0.78,10.1003
0.79,9.9400
0.80,9.9116
0.81,10.0332
0.82,9.5439
0.83,9.8535
0.84,10.0128
0.85,9.9467
0.86,9.9255
0.87,9.7976
0.88,10.0242
0.89,10.2287
0.90,10.0075
0.91,10.1882
0.92,9.8926
0.93,9.9076
0.94,10.0228
0.95,9.9431
0.96,10.0502
0.97,9.4950
0.98,9.8190
0.99,9.6944
1.00,9.8403
1.01,9.7873
1.02,10.2034
1.03,9.8723
1.04,9.9761
1.05,10.0148
1.06,10.1072
1.07,10.0302
1.08,9.8582
1.09,9.8175
1.10,9.7474
1.11,10.2450
1.12,9.8060
1.13,10.3727
1.14,9.8527
1.15,9.8699
1.16,9.7746
1.17,9.8837
1.18,9.7694
1.19,9.8201
1.20,9.8829
1.21,9.8349
1.22,9.9210
1.23,10.4872
1.24,10.1820
1.25,10.0681
1.26,9.9120
1.27,10.4764
1.28,9.9865
1.29,10.1396
1.30,10.0981
1.31,10.1370
1.32,9.8888
1.33,9.8274
1.34,10.2646
1.35,10.1816
1.36,9.9738
1.37,9.5389
1.38,10.0092
1.39,9.9902
1.40,10.0696
1.41,10.1531
1.42,9.7882
1.43,10.1896
1.44,9.9817
1.45,9.6847
1.46,9.9715
1.47,10.3106
1.48,10.1065
1.49,10.0627
1.50,10.0647
1.51,9.6919
1.52,10.1853
1.53,10.0925
1.54,9.9891
1.55,9.9844
1.56,9.8252
1.57,9.9084
1.58,9.9606
1.59,10.1494
1.60,9.8036
1.61,10.1479
1.62,9.9112
1.63,9.9095
1.64,10.0169
1.65,10.0431
1.66,9.9387
1.67,10.1166
1.68,9.9809
1.69,9.8307
1.70,9.9931
1.71,9.9907
1.72,10.0988
1.73,9.9782
1.74,10.0068
1.75,10.1110
1.76,10.0184
1.77,9.7963
1.78,9.9751
1.79,10.1832
1.80,9.8047
1.81,9.9299
1.82,9.6878
1.83,10.0799
1.84,10.0727
1.85,9.6516
1.86,10.0614
1.87,9.9744
1.88,10.1190
1.89,10.1304
1.90,9.8771
1.91,9.8049
1.92,9.8406
1.93,9.9585
1.94,10.2089
1.95,10.1146
1.96,9.9569
1.97,10.3043
1.98,9.9203
1.99,10.0359
2.00,9.9685
2.01,10.0560
2.02,9.7804
2.03,9.5371
2.04,9.9591
2.05,9.9467
2.06,9.9899
2.07,10.0632
2.08,9.9569
2.09,9.8710
2.10,10.2838
2.11,10.0109
2.12,10.0146
2.13,10.1220
2.14,10.1194
2.15,10.1924
2.16,10.1397
2.17,10.0040
2.18,10.0593
2.19,9.9706
2.20,9.9110
2.21,10.0277
2.22,9.9719
2.23,10.1883
2.24,9.7444
2.25,9.8217
2.26,9.7977
2.27,9.8520
2.28,10.3162
2.29,10.0357
2.30,10.1286
2.31,9.6720
2.32,9.9889
2.33,10.2714
2.34,9.9849
2.35,9.8425
2.36,9.9379
2.37,10.2195
2.38,10.1278
2.39,9.8186
2.40,9.9593
2.41,10.0356
2.42,10.3422
2.43,9.8739
2.44,9.8332
2.45,9.9403
2.46,10.0357
2.47,10.3798
2.48,10.0282
2.49,9.8656
2.50,9.8992
2.51,9.9787
2.52,10.0176
2.53,10.2031
2.54,9.7740
2.55,9.9007
2.56,9.8967
2.57,10.2537
2.58,10.1214
2.59,9.8629
2.60,10.2423
2.61,9.8217
2.62,9.9274
2.63,10.2636
2.64,9.6610
2.65,10.1214
2.66,10.0947
2.67,9.9717
2.68,9.9509
2.69,9.9467
2.70,10.0551
2.71,10.0844
2.72,10.0532
2.73,10.0090
2.74,10.2312
2.75,10.0140
2.76,10.4024
2.77,10.3756
2.78,9.9789
2.79,10.0183
2.80,9.9649
2.81,10.0319
2.82,9.9313
2.83,10.0622
2.84,9.9090
2.85,9.7368
2.86,10.0878
2.87,9.8557
2.88,10.1311
2.89,10.1578
2.90,10.2485
2.91,9.9462
2.92,9.7721
2.93,10.2395
2.94,10.2389
2.95,10.2525
2.96,10.1421
2.97,10.3708
2.98,10.1989
2.99,10.1122
3.00,9.7235
3.01,10.0398
3.02,9.9749
3.03,9.7610
3.04,10.0910
3.05,9.6731
3.06,9.9670
3.07,10.1643
3.08,9.9320
3.09,9.7067
3.10,9.8489
3.11,9.8074
3.12,10.1658
3.13,9.8179
3.14,9.8021
3.15,9.9832
3.16,9.9230
3.17,10.3381
3.18,9.9836
3.19,10.1688
3.20,9.8609
3.21,10.0094
3.22,9.9627
3.23,9.6369
3.24,9.8803
3.25,10.1252
3.26,10.1085
3.27,10.0476
3.28,9.8576
3.29,10.2281
3.30,10.2259
3.31,10.2075
3.32,10.1645
3.33,9.9602
3.34,10.0817
3.35,10.1197
3.36,10.1910
3.37,10.0178
3.38,10.2645
3.39,10.0724
3.40,10.3581
3.41,10.1329
3.42,9.8159
3.43,9.8144
3.44,9.9856
3.45,10.3504
3.46,9.9645
3.47,10.1463
3.48,9.7804
3.49,10.1379
3.50,10.1915
3.51,9.9645
3.52,10.0441
3.53,9.9153
3.54,10.0834
3.55,9.7303
3.56,9.8350
3.57,9.8598
3.58,10.0131
3.59,9.9670
3.60,9.8317
3.61,10.0716
3.62,9.8761
3.63,10.0693
3.64,10.1321
3.65,9.9836
3.66,9.8142
3.67,10.0080
3.68,9.8045
3.69,10.0414
3.70,10.0714
3.71,10.0422
3.72,9.9564
3.73,10.0352
3.74,10.0345
3.75,9.9541
3.76,10.0005
3.77,9.9247
3.78,10.0121
3.79,10.0374
3.80,9.9321
3.81,10.4199
3.82,10.1521
3.83,9.9958
3.84,9.9601
3.85,9.8813
3.86,10.0410
3.87,10.1027
3.88,9.8745
3.89,10.1051
3.90,10.2288
3.91,10.2724
3.92,10.0296
3.93,10.1923
3.94,10.2087
3.95,10.3465
3.96,10.2718
3.97,10.0455
3.98,9.9953
3.99,9.8763
4.00,10.1139
4.01,10.0207
4.02,10.2303
4.03,10.0242
4.04,9.8360
4.05,9.9239
4.06,10.0046
4.07,10.1774
4.08,9.9015
4.09,9.7264
4.10,9.7085
4.11,9.9820
4.12,9.8642
4.13,9.8825
4.14,9.9035
4.15,10.1906
4.16,9.9827
4.17,10.0741
4.18,10.0148
4.19,10.1657
4.20,9.8578
4.21,9.9130
4.22,10.1498
4.23,9.8638
4.24,10.2234
4.25,10.0426
4.26,9.9473
4.27,9.8221
4.28,9.9227
4.29,10.1430
4.30,9.9312
4.31,10.0523
4.32,10.1172
4.33,10.1917
4.34,10.0162
4.35,10.1711
4.36,10.1650
4.37,10.1213
4.38,10.3635
4.39,9.9388
4.40,10.1070
4.41,10.0583
4.42,9.9789
4.43,10.0294
4.44,9.7346
4.45,9.9946
4.46,9.7879
4.47,10.0051
4.48,10.0160
4.49,10.1413
4.50,10.3365
4.51,9.9445
4.52,10.1708
4.53,10.0772
4.54,9.7959
4.55,10.0891
4.56,10.0314
4.57,10.1629
4.58,10.0224
4.59,9.9508
4.60,10.0073
4.61,10.1137
4.62,9.8309
4.63,10.0871
4.64,9.8291
4.65,10.1492
4.66,10.1121
4.67,9.9001
4.68,9.9903
4.69,10.1715
4.70,10.0551
4.71,9.8851
4.72,9.8762
4.73,10.0131
4.74,9.7906
4.75,9.9157
4.76,10.1188
4.77,9.7752
4.78,9.9469
4.79,9.9310
4.80,9.9906
4.81,9.9552
4.82,10.2679
4.83,10.2203
4.84,9.8949
4.85,10.0023
4.86,10.2092
4.87,9.8432
4.88,10.0587
4.89,10.2128
4.90,10.2117
4.91,10.0056
4.92,9.8219
4.93,10.0293
4.94,9.9956
4.95,10.0632
4.96,10.0775
4.97,9.9415
4.98,9.8903
4.99,9.5833
5.00,9.8965
