time_min,UV280_mAU
0.00,0.0000
0.01,1.6313
0.02,0.0000
0.03,0.0000
0.04,0.0000
0.05,0.7502
0.06,0.0000
0.07,0.0000
0.08,1.2996
0.09,0.0000
0.10,1.6996
0.11,0.0000
0.12,0.0000
0.13,2.1969
0.14,0.0000
0.15,0.0000
0.16,0.0000
0.17,2.2589
0.18,0.0000
0.19,0.8152
0.20,0.3510
0.21,0.0000
0.22,1.5294
0.23,0.5919
0.24,1.1305
0.25,2.1313
0.26,2.3628
0.27,0.0000
0.28,0.0000
0.29,4.9051
0.30,0.0000
0.31,2.8827
0.32,0.0000
0.33,0.4248
0.34,0.8255
0.35,0.4109
0.36,2.2486
0.37,0.0000
0.38,1.3645
0.39,0.3644
0.40,0.1669
0.41,1.5813
0.42,0.0000
0.43,0.0000
0.44,0.0000
0.45,0.9999
0.46,1.5323
0.47,0.3517
0.48,3.6529
0.49,2.0242
0.50,0.0000
0.51,0.0000
0.52,3.4903
0.53,0.0000
0.54,0.0000
0.55,4.1976
0.56,0.0000
0.57,0.2840
0.58,1.7729
0.59,0.0000
0.60,1.3049
0.61,0.0000
0.62,2.7943
0.63,1.1673
0.64,2.8837
0.65,0.0000
0.66,0.0000
0.67,0.0000
0.68,0.0000
0.69,2.3082
0.70,10.7929
0.71,16.5979
0.72,41.2413
0.73,75.9951
0.74,123.0348
0.75,154.0800
0.76,175.3174
0.77,188.2322
0.78,195.1306
0.79,196.1993
0.80,201.7472
0.81,199.9708
0.82,199.6453
0.83,196.6888
0.84,198.0582
0.85,197.7706
0.86,197.0350
0.87,201.5480
0.88,202.2994
0.89,201.9291
0.90,197.7294
0.91,197.4435
0.92,200.9739
0.93,200.5321
0.94,199.0446
0.95,197.9883
0.96,197.8185
0.97,199.8277
0.98,198.1509
0.99,200.3021
1.00,197.4366
1.01,199.3533
1.02,204.8044
1.03,201.3039
1.04,203.3882
1.05,202.4250
1.06,198.3030
1.07,200.4504
1.08,200.0255
1.09,200.9586
1.10,197.0340
1.11,198.0132
1.12,200.1965
1.13,198.3875
1.14,200.3094
1.15,198.2943
1.16,200.0306
1.17,196.0494
1.18,201.6957
1.19,197.5211
1.20,199.8524
1.21,201.7392
1.22,200.5306
1.23,195.9637
1.24,200.2509
1.25,200.7056
1.26,198.3428
1.27,198.6474
1.28,199.4045
1.29,198.4945
1.30,198.9518
1.31,200.3722
1.32,201.1808
1.33,199.3462
1.34,199.6201
1.35,199.7909
1.36,203.5900
1.37,198.8313
1.38,199.7292
1.39,202.0180
1.40,202.2118
1.41,203.6302
1.42,204.3561
1.43,201.7740
1.44,198.6620
1.45,201.9815
1.46,201.1974
1.47,199.2268
1.48,199.6832
1.49,199.8991
1.50,203.6116
1.51,199.6334
1.52,203.4821
1.53,201.7162
1.54,202.1011
1.55,196.8492
1.56,198.6714
1.57,199.1552
1.58,199.7993
1.59,201.5428
1.60,201.7646
1.61,198.8270
1.62,201.8582
1.63,199.8255
1.64,203.0512
1.65,199.4043
1.66,201.5648
1.67,197.6788
1.68,204.3537
1.69,197.1840
1.70,196.8764
1.71,199.8642
1.72,201.1687
1.73,196.8737
1.74,200.7945
1.75,201.5905
1.76,200.2391
1.77,198.9913
1.78,198.1396
1.79,198.2647
1.80,200.4555
1.81,198.1770
1.82,201.2743
1.83,197.3932
1.84,198.4934
1.85,197.9082
1.86,201.3134
1.87,201.0958
1.88,198.9946
1.89,199.6238
1.90,197.0458
1.91,195.5878
1.92,199.1647
1.93,198.0854
1.94,202.3929
1.95,200.1366
1.96,199.4625
1.97,203.2172
1.98,200.1634
1.99,202.9093
2.00,198.5413
2.01,203.2885
2.02,200.0554
2.03,199.0232
2.04,202.0227
2.05,201.0295
2.06,199.0958
2.07,195.8574
2.08,196.9206
2.09,202.1454
2.10,200.6710
2.11,200.8646
2.12,202.0652
2.13,199.6702
2.14,200.0600
2.15,199.8178
2.16,200.6599
2.17,198.1633
2.18,204.6263
2.19,201.5322
2.20,196.5904
2.21,199.3209
2.22,196.2356
2.23,200.3097
2.24,201.1306
2.25,199.5694
2.26,199.3963
2.27,202.8765
2.28,200.2107
2.29,200.3009
2.30,198.8010
2.31,200.7640
2.32,200.8553
2.33,198.1556
2.34,200.4726
2.35,199.5190
2.36,199.6852
2.37,199.5279
2.38,199.9058
2.39,202.1355
2.40,202.5800
2.41,198.7378
2.42,202.1077
2.43,201.0920
2.44,202.5082
2.45,198.0601
2.46,203.1204
2.47,199.6277
2.48,203.2232
2.49,202.3538
2.50,196.4097
2.51,196.5046
2.52,202.0959
2.53,203.1006
2.54,196.3914
2.55,197.8660
2.56,202.0340
2.57,200.4131
2.58,198.8650
2.59,199.8340
2.60,200.5544
2.61,199.6271
2.62,203.2620
2.63,200.4165
2.64,198.2230
2.65,199.6914
2.66,200.1663
2.67,200.6063
2.68,202.3000
2.69,200.6645
2.70,199.0258
2.71,201.3070
2.72,203.6803
2.73,202.2074
2.74,199.8217
2.75,199.6941
2.76,200.3393
2.77,201.2556
2.78,198.0493
2.79,197.3206
2.80,204.0743
2.81,201.0714
2.82,201.1529
2.83,197.0594
2.84,195.7432
2.85,197.8041
2.86,198.0730
2.87,197.4716
2.88,196.5959
2.89,202.0145
2.90,198.8672
2.91,198.4488
2.92,201.9274
2.93,202.4408
2.94,202.6702
2.95,202.1566
2.96,199.8767
2.97,198.6859
2.98,195.5680
2.99,199.7525
3.00,199.0648
3.01,199.4294
3.02,201.3253
3.03,196.7759
3.04,200.0287
3.05,201.6852
3.06,197.8755
3.07,201.1126
3.08,198.2445
3.09,204.3639
3.10,199.7486
3.11,198.4578
3.12,202.4381
3.13,200.4629
3.14,197.5346
3.15,197.9544
3.16,201.5447
3.17,197.5684
3.18,201.7371
3.19,203.4379
3.20,199.2419
3.21,201.3256
3.22,202.2501
3.23,200.8951
3.24,202.3770
3.25,197.7783
3.26,197.9950
3.27,200.1986
3.28,203.2634
3.29,201.1435
3.30,199.5429
3.31,201.8689
3.32,202.7938
3.33,199.4053
3.34,201.9902
3.35,200.2672
3.36,200.4989
3.37,198.9636
3.38,201.5322
3.39,198.4622
3.40,200.9978
3.41,201.1078
3.42,197.6573
3.43,199.0227
3.44,200.4261
3.45,199.9235
3.46,196.4174
3.47,201.9745
3.48,199.2966
3.49,196.6098
3.50,199.7866
3.51,197.7990
3.52,201.3208
3.53,193.8119
3.54,204.5183
3.55,197.0947
3.56,198.4285
3.57,198.2577
3.58,201.8318
3.59,196.0718
3.60,202.1257
3.61,206.1437
3.62,198.5436
3.63,199.7203
3.64,202.6012
3.65,201.8907
3.66,201.9526
3.67,200.4769
3.68,200.8730
3.69,202.8160
3.70,199.7659
3.71,200.9872
3.72,197.0329
3.73,198.4505
3.74,201.4607
3.75,198.3487
3.76,198.2717
3.77,198.3582
3.78,195.0879
3.79,198.2075
3.80,201.0940
3.81,201.9210
3.82,201.5902
3.83,201.5882
3.84,194.8571
3.85,203.4918
3.86,199.4673
3.87,198.4177
3.88,197.3475
3.89,199.7982
3.90,196.9765
3.91,196.7081
3.92,196.3258
3.93,198.1213
3.94,201.2745
3.95,200.4418
3.96,203.4699
3.97,202.6205
3.98,199.8048
3.99,200.5069
4.00,201.0357
4.01,200.4145
4.02,203.1007
4.03,200.6364
4.04,200.4625
4.05,199.2819
4.06,197.2186
4.07,203.1825
4.08,204.1434
4.09,202.8286
4.10,202.4382
4.11,202.6150
4.12,197.6123
4.13,201.9985
4.14,199.1937
4.15,202.6856
4.16,199.2302
4.17,198.0281
4.18,200.5413
4.19,202.3055
4.20,199.2061
4.21,199.1793
4.22,199.3503
4.23,202.4096
4.24,200.4872
4.25,203.4232
4.26,198.6766
4.27,197.6019
4.28,199.9856
4.29,201.4564
4.30,199.6930
4.31,205.3241
4.32,200.7852
4.33,198.5379
4.34,199.6771
4.35,202.2817
4.36,197.2412
4.37,202.2675
4.38,199.0158
4.39,203.6755
4.40,200.4133
4.41,199.3465
4.42,200.1173
4.43,200.6784
4.44,196.2816
4.45,198.5812
4.46,201.0917
4.47,198.0385
4.48,201.7777
4.49,200.4746
4.50,197.9206
4.51,197.3988
4.52,199.4957
4.53,197.4630
4.54,199.3810
4.55,199.5877
4.56,199.0451
4.57,195.6281
4.58,200.2001
4.59,197.4088
4.60,199.6137
4.61,199.1090
4.62,200.7038
4.63,198.0810
4.64,199.1049
4.65,201.0298
4.66,203.5931
4.67,202.7532
4.68,203.3890
4.69,197.1015
4.70,197.8598
4.71,200.0976
4.72,201.0958
4.73,199.6915
4.74,197.2047
4.75,199.4923
4.76,199.0175
4.77,196.8038
4.78,199.1159
4.79,197.6681
4.80,199.5970
4.81,198.7477
4.82,196.2610
4.83,199.7928
4.84,201.8481
4.85,199.1085
4.86,202.0164
4.87,202.1173
4.88,198.3287
4.89,200.8089
4.90,201.9488
4.91,199.8287
4.92,203.1617
4.93,199.3880
4.94,199.1795
4.95,201.1832
4.96,201.6154
4.97,202.5181
4.98,201.0511
4.99,200.2747
5.00,199.2072
