time_min,protein_mM
0.00,0.0000
0.01,0.0000
0.02,0.0000
0.03,0.0000
0.04,0.0000
0.05,0.0000
0.06,0.0002
0.07,0.0000
0.08,0.0000
0.09,0.0000
0.10,0.0005
0.11,0.0008
0.12,0.0010
0.13,0.0000
0.14,0.0003
0.15,0.0020
0.16,0.0000
0.17,0.0000
0.18,0.0000
0.19,0.0007
0.20,0.0028
0.21,0.0000
0.22,0.0000
0.23,0.0000
0.24,0.0000
0.25,0.0000
0.26,0.0000
0.27,0.0011
0.28,0.0039
0.29,0.0000
0.30,0.0000
0.31,0.0000
0.32,0.0016
0.33,0.0008
0.34,0.0008
0.35,0.0000
0.36,0.0004
0.37,0.0000
0.38,0.0000
0.39,0.0017
0.40,0.0000
0.41,0.0005
0.42,0.0000
0.43,0.0024
0.44,0.0000
0.45,0.0000
0.46,0.0014
0.47,0.0017
0.48,0.0000
0.49,0.0006
0.50,0.0000
0.51,0.0003
0.52,0.0009
0.53,0.0017
0.54,0.0000
0.55,0.0006
0.56,0.0004
0.57,0.0000
0.58,0.0000
0.59,0.0000
0.60,0.0000
0.61,0.0000
0.62,0.0000
0.63,0.0000
0.64,0.0013
0.65,0.0004
0.66,0.0008
0.67,0.0007
0.68,0.0000
0.69,0.0003
0.70,0.0000
0.71,0.0000
0.72,0.0028
0.73,0.0002
0.74,0.0009
0.75,0.0000
0.76,0.0000
0.77,0.0000
0.78,0.0006
0.79,0.0013
0.80,0.0014
0.81,0.0000
0.82,0.0000
0.83,0.0000
0.84,0.0000
0.85,0.0000
0.86,0.0000
0.87,0.0004
0.88,0.0000
0.89,0.0000
0.90,0.0005
0.91,0.0008
0.92,0.0000
0.93,0.0003
0.94,0.0001
0.95,0.0004
0.96,0.0006
0.97,0.0000
0.98,0.0000
0.99,0.0017
1.00,0.0010
1.01,0.0000
1.02,0.0000
1.03,0.0021
1.04,0.0000
1.05,0.0000
1.06,0.0018
1.07,0.0000
1.08,0.0002
1.09,0.0000
1.10,0.0000
1.11,0.0000
1.12,0.0008
1.13,0.0000
1.14,0.0000
1.15,0.0000
1.16,0.0000
1.17,0.0000
1.18,0.0004
1.19,0.0000
1.20,0.0008
1.21,0.0013
1.22,0.0011
1.23,0.0006
1.24,0.0000
1.25,0.0005
1.26,0.0000
1.27,0.0002
1.28,0.0006
1.29,0.0013
1.30,0.0005
1.31,0.0000
1.32,0.0002
1.33,0.0001
1.34,0.0000
1.35,0.0004
1.36,0.0004
1.37,0.0008
1.38,0.0006
1.39,0.0005
1.40,0.0018
1.41,0.0003
1.42,0.0000
1.43,0.0000
1.44,0.0011
1.45,0.0011
1.46,0.0000
1.47,0.0000
1.48,0.0000
1.49,0.0000
1.50,0.0000
1.51,0.0000
1.52,0.0000
1.53,0.0007
1.54,0.0010
1.55,0.0000
1.56,0.0017
1.57,0.0008
1.58,0.0000
1.59,0.0000
1.60,0.0009
1.61,0.0004
1.62,0.0021
1.63,0.0000
1.64,0.0000
1.65,0.0000
1.66,0.0007
1.67,0.0000
1.68,0.0000
1.69,0.0000
1.70,0.0028
1.71,0.0000
1.72,0.0000
1.73,0.0002
1.74,0.0005
1.75,0.0000
1.76,0.0013
1.77,0.0017
1.78,0.0004
1.79,0.0000
1.80,0.0000
1.81,0.0000
1.82,0.0021
1.83,0.0000
1.84,0.0008
1.85,0.0000
1.86,0.0000
1.87,0.0000
1.88,0.0012
1.89,0.0006
1.90,0.0000
1.91,0.0000
1.92,0.0003
1.93,0.0000
1.94,0.0005
1.95,0.0000
1.96,0.0000
1.97,0.0000
1.98,0.0000
1.99,0.0000
2.00,0.0000
2.01,0.0000
2.02,0.0014
2.03,0.0000
2.04,0.0000
2.05,0.0000
2.06,0.0004
2.07,0.0000
2.08,0.0000
2.09,0.0005
2.10,0.0001
2.11,0.0007
2.12,0.0000
2.13,0.0000
2.14,0.0013
2.15,0.0000
2.16,0.0000
2.17,0.0000
2.18,0.0013
2.19,0.0000
2.20,0.0013
2.21,0.0011
2.22,0.0000
2.23,0.0000
2.24,0.0000
2.25,0.0000
2.26,0.0014
2.27,0.0000
2.28,0.0000
2.29,0.0000
2.30,0.0015
2.31,0.0012
2.32,0.0000
2.33,0.0008
2.34,0.0010
2.35,0.0011
2.36,0.0000
2.37,0.0008
2.38,0.0019
2.39,0.0002
2.40,0.0000
2.41,0.0000
2.42,0.0000
2.43,0.0004
2.44,0.0008
2.45,0.0000
2.46,0.0000
2.47,0.0000
2.48,0.0007
2.49,0.0000
2.50,0.0000
2.51,0.0011
2.52,0.0012
2.53,0.0000
2.54,0.0017
2.55,0.0000
2.56,0.0000
2.57,0.0000
2.58,0.0011
2.59,0.0009
2.60,0.0000
2.61,0.0009
2.62,0.0013
2.63,0.0000
2.64,0.0012
2.65,0.0006
2.66,0.0005
2.67,0.0000
2.68,0.0002
2.69,0.0000
2.70,0.0024
2.71,0.0003
2.72,0.0019
2.73,0.0020
2.74,0.0018
2.75,0.0000
2.76,0.0000
2.77,0.0000
2.78,0.0005
2.79,0.0009
2.80,0.0024
2.81,0.0000
2.82,0.0007
2.83,0.0000
2.84,0.0005
2.85,0.0000
2.86,0.0003
2.87,0.0000
2.88,0.0000
2.89,0.0008
2.90,0.0000
2.91,0.0003
2.92,0.0000
2.93,0.0000
2.94,0.0000
2.95,0.0001
2.96,0.0000
2.97,0.0000
2.98,0.0000
2.99,0.0013
3.00,0.0011
3.01,0.0000
3.02,0.0000
3.03,0.0000
3.04,0.0020
3.05,0.0000
3.06,0.0024
3.07,0.0000
3.08,0.0000
3.09,0.0000
3.10,0.0012
3.11,0.0000
3.12,0.0000
3.13,0.0008
3.14,0.0000
3.15,0.0000
3.16,0.0004
3.17,0.0004
3.18,0.0005
3.19,0.0000
3.20,0.0000
3.21,0.0007
3.22,0.0000
3.23,0.0000
3.24,0.0003
3.25,0.0000
3.26,0.0003
3.27,0.0000
3.28,0.0000
3.29,0.0012
3.30,0.0000
3.31,0.0002
3.32,0.0000
3.33,0.0001
3.34,0.0011
3.35,0.0007
3.36,0.0005
3.37,0.0006
3.38,0.0006
3.39,0.0019
3.40,0.0000
3.41,0.0005
3.42,0.0007
3.43,0.0034
3.44,0.0016
3.45,0.0000
3.46,0.0000
3.47,0.0007
3.48,0.0000
3.49,0.0000
3.50,0.0000
3.51,0.0019
3.52,0.0000
3.53,0.0000
3.54,0.0019
3.55,0.0000
3.56,0.0000
3.57,0.0002
3.58,0.0001
3.59,0.0000
3.60,0.0000
3.61,0.0005
3.62,0.0005
3.63,0.0000
3.64,0.0016
3.65,0.0000
3.66,0.0007
3.67,0.0000
3.68,0.0006
3.69,0.0000
3.70,0.0004
3.71,0.0000
3.72,0.0000
3.73,0.0007
3.74,0.0010
3.75,0.0000
3.76,0.0000
3.77,0.0000
3.78,0.0000
3.79,0.0001
3.80,0.0009
3.81,0.0000
3.82,0.0015
3.83,0.0000
3.84,0.0000
3.85,0.0006
3.86,0.0000
3.87,0.0022
3.88,0.0004
3.89,0.0000
3.90,0.0017
3.91,0.0014
3.92,0.0010
3.93,0.0000
3.94,0.0000
3.95,0.0012
3.96,0.0003
3.97,0.0000
3.98,0.0010
3.99,0.0000
4.00,0.0000
4.01,0.0007
4.02,0.0007
4.03,0.0000
4.04,0.0005
4.05,0.0000
4.06,0.0000
4.07,0.0000
4.08,0.0003
4.09,0.0000
4.10,0.0012
4.11,0.0002
4.12,0.0021
4.13,0.0015
4.14,0.0000
4.15,0.0010
4.16,0.0009
4.17,0.0000
4.18,0.0008
4.19,0.0000
4.20,0.0021
4.21,0.0002
4.22,0.0001
4.23,0.0033
4.24,0.0000
4.25,0.0005
4.26,0.0000
4.27,0.0000
4.28,0.0000
4.29,0.0008
4.30,0.0000
4.31,0.0002
4.32,0.0000
4.33,0.0000
4.34,0.0005
4.35,0.0000
4.36,0.0000
4.37,0.0000
4.38,0.0000
4.39,0.0000
4.40,0.0000
4.41,0.0000
4.42,0.0000
4.43,0.0000
4.44,0.0000
4.45,0.0000
4.46,0.0008
4.47,0.0000
4.48,0.0000
4.49,0.0000
4.50,0.0000
4.51,0.0002
4.52,0.0000
4.53,0.0005
4.54,0.0020
4.55,0.0013
4.56,0.0000
4.57,0.0000
4.58,0.0007
4.59,0.0005
4.60,0.0003
4.61,0.0000
4.62,0.0008
4.63,0.0012
4.64,0.0013
4.65,0.0019
4.66,0.0005
4.67,0.0000
4.68,0.0000
4.69,0.0002
4.70,0.0001
4.71,0.0000
4.72,0.0011
4.73,0.0015
4.74,0.0010
4.75,0.0000
4.76,0.0010
4.77,0.0017
4.78,0.0000
4.79,0.0006
4.80,0.0016
4.81,0.0004
4.82,0.0020
4.83,0.0008
4.84,0.0000
4.85,0.0000
4.86,0.0010
4.87,0.0000
4.88,0.0004
4.89,0.0000
4.90,0.0008
4.91,0.0014
4.92,0.0008
4.93,0.0000
4.94,0.0024
4.95,0.0000
4.96,0.0000
4.97,0.0000
4.98,0.0007
4.99,0.0014
5.00,0.0000
5.01,0.0006
5.02,0.0000
5.03,0.0000
5.04,0.0000
5.05,0.0000
5.06,0.0000
5.07,0.0000
5.08,0.0000
5.09,0.0000
5.10,0.0000
5.11,0.0000
5.12,0.0000
5.13,0.0001
5.14,0.0010
5.15,0.0001
5.16,0.0001
5.17,0.0015
5.18,0.0000
5.19,0.0000
5.20,0.0016
5.21,0.0003
5.22,0.0006
5.23,0.0015
5.24,0.0000
5.25,0.0000
5.26,0.0010
5.27,0.0010
5.28,0.0000
5.29,0.0008
5.30,0.0000
5.31,0.0003
5.32,0.0000
5.33,0.0000
5.34,0.0010
5.35,0.0004
5.36,0.0000
5.37,0.0000
5.38,0.0002
5.39,0.0003
5.40,0.0006
5.41,0.0008
5.42,0.0000
5.43,0.0003
5.44,0.0001
5.45,0.0010
5.46,0.0000
5.47,0.0011
5.48,0.0000
5.49,0.0011
5.50,0.0000
5.51,0.0014
5.52,0.0005
5.53,0.0000
5.54,0.0000
5.55,0.0000
5.56,0.0000
5.57,0.0000
5.58,0.0000
5.59,0.0007
5.60,0.0016
5.61,0.0003
5.62,0.0000
5.63,0.0001
5.64,0.0000
5.65,0.0001
5.66,0.0006
5.67,0.0000
5.68,0.0000
5.69,0.0008
5.70,0.0000
5.71,0.0013
5.72,0.0015
5.73,0.0002
5.74,0.0000
5.75,0.0010
5.76,0.0000
5.77,0.0001
5.78,0.0002
5.79,0.0002
5.80,0.0008
5.81,0.0019
5.82,0.0000
5.83,0.0000
5.84,0.0010
5.85,0.0000
5.86,0.0004
5.87,0.0006
5.88,0.0009
5.89,0.0019
5.90,0.0000
5.91,0.0000
5.92,0.0014
5.93,0.0000
5.94,0.0011
5.95,0.0000
5.96,0.0000
5.97,0.0009
5.98,0.0006
5.99,0.0000
6.00,0.0019
6.01,0.0000
6.02,0.0000
6.03,0.0000
6.04,0.0002
6.05,0.0000
6.06,0.0018
6.07,0.0003
6.08,0.0000
6.09,0.0010
6.10,0.0000
6.11,0.0001
6.12,0.0000
6.13,0.0017
6.14,0.0000
6.15,0.0002
6.16,0.0020
6.17,0.0000
6.18,0.0006
6.19,0.0004
6.20,0.0014
6.21,0.0000
6.22,0.0022
6.23,0.0011
6.24,0.0009
6.25,0.0005
6.26,0.0000
6.27,0.0000
6.28,0.0000
6.29,0.0000
6.30,0.0008
6.31,0.0000
6.32,0.0006
6.33,0.0000
6.34,0.0000
6.35,0.0000
6.36,0.0000
6.37,0.0000
6.38,0.0007
6.39,0.0000
6.40,0.0004
6.41,0.0000
6.42,0.0018
6.43,0.0000
6.44,0.0000
6.45,0.0000
6.46,0.0000
6.47,0.0013
6.48,0.0000
6.49,0.0000
6.50,0.0011
6.51,0.0001
6.52,0.0006
6.53,0.0000
6.54,0.0004
6.55,0.0000
6.56,0.0011
6.57,0.0000
6.58,0.0000
6.59,0.0004
6.60,0.0004
6.61,0.0000
6.62,0.0003
6.63,0.0000
6.64,0.0009
6.65,0.0000
6.66,0.0005
6.67,0.0000
6.68,0.0000
6.69,0.0006
6.70,0.0015
6.71,0.0022
6.72,0.0006
6.73,0.0000
6.74,0.0020
6.75,0.0000
6.76,0.0000
6.77,0.0000
6.78,0.0000
6.79,0.0008
6.80,0.0000
6.81,0.0000
6.82,0.0006
6.83,0.0000
6.84,0.0000
6.85,0.0007
6.86,0.0008
6.87,0.0014
6.88,0.0005
6.89,0.0000
6.90,0.0000
6.91,0.0000
6.92,0.0000
6.93,0.0000
6.94,0.0006
6.95,0.0013
6.96,0.0021
6.97,0.0005
6.98,0.0000
6.99,0.0000
7.00,0.0004
7.01,0.0000
7.02,0.0000
7.03,0.0000
7.04,0.0000
7.05,0.0007
7.06,0.0009
7.07,0.0014
7.08,0.0000
7.09,0.0000
7.10,0.0008
7.11,0.0002
7.12,0.0017
7.13,0.0001
7.14,0.0000
7.15,0.0008
7.16,0.0000
7.17,0.0010
7.18,0.0007
7.19,0.0000
7.20,0.0000
7.21,0.0007
7.22,0.0000
7.23,0.0011
7.24,0.0000
7.25,0.0000
7.26,0.0012
7.27,0.0000
7.28,0.0002
7.29,0.0005
7.30,0.0000
7.31,0.0000
7.32,0.0000
7.33,0.0025
7.34,0.0000
7.35,0.0002
7.36,0.0000
7.37,0.0012
7.38,0.0002
7.39,0.0003
7.40,0.0010
7.41,0.0000
7.42,0.0000
7.43,0.0000
7.44,0.0000
7.45,0.0000
7.46,0.0000
7.47,0.0000
7.48,0.0000
7.49,0.0004
7.50,0.0000
7.51,0.0000
7.52,0.0000
7.53,0.0000
7.54,0.0000
7.55,0.0000
7.56,0.0000
7.57,0.0000
7.58,0.0016
7.59,0.0000
7.60,0.0017
7.61,0.0000
7.62,0.0021
7.63,0.0007
7.64,0.0000
7.65,0.0000
7.66,0.0017
7.67,0.0012
7.68,0.0000
7.69,0.0011
7.70,0.0000
7.71,0.0023
7.72,0.0000
7.73,0.0000
7.74,0.0000
7.75,0.0000
7.76,0.0007
7.77,0.0000
7.78,0.0000
7.79,0.0005
7.80,0.0002
7.81,0.0000
7.82,0.0002
7.83,0.0011
7.84,0.0000
7.85,0.0009
7.86,0.0028
7.87,0.0004
7.88,0.0000
7.89,0.0004
7.90,0.0002
7.91,0.0000
7.92,0.0000
7.93,0.0000
7.94,0.0000
7.95,0.0002
7.96,0.0008
7.97,0.0008
7.98,0.0016
7.99,0.0000
8.00,0.0003
8.01,0.0000
8.02,0.0000
8.03,0.0007
8.04,0.0001
8.05,0.0012
8.06,0.0012
8.07,0.0003
8.08,0.0000
8.09,0.0016
8.10,0.0000
8.11,0.0009
8.12,0.0007
8.13,0.0002
8.14,0.0000
8.15,0.0000
8.16,0.0000
8.17,0.0008
8.18,0.0003
8.19,0.0000
8.20,0.0000
8.21,0.0000
8.22,0.0003
8.23,0.0000
8.24,0.0000
8.25,0.0000
8.26,0.0000
8.27,0.0000
8.28,0.0000
8.29,0.0004
8.30,0.0016
8.31,0.0000
8.32,0.0006
8.33,0.0000
8.34,0.0002
8.35,0.0000
8.36,0.0000
8.37,0.0000
8.38,0.0000
8.39,0.0001
8.40,0.0001
8.41,0.0013
8.42,0.0014
8.43,0.0000
8.44,0.0018
8.45,0.0004
8.46,0.0004
8.47,0.0000
8.48,0.0000
8.49,0.0000
8.50,0.0000
8.51,0.0000
8.52,0.0000
8.53,0.0011
8.54,0.0004
8.55,0.0000
8.56,0.0006
8.57,0.0006
8.58,0.0025
8.59,0.0000
8.60,0.0000
8.61,0.0001
8.62,0.0000
8.63,0.0003
8.64,0.0004
8.65,0.0000
8.66,0.0017
8.67,0.0000
8.68,0.0000
8.69,0.0000
8.70,0.0051
8.71,0.0026
8.72,0.0000
8.73,0.0000
8.74,0.0013
8.75,0.0004
8.76,0.0000
8.77,0.0000
8.78,0.0000
8.79,0.0000
8.80,0.0003
8.81,0.0000
8.82,0.0012
8.83,0.0000
8.84,0.0005
8.85,0.0000
8.86,0.0000
8.87,0.0006
8.88,0.0001
8.89,0.0000
8.90,0.0000
8.91,0.0000
8.92,0.0000
8.93,0.0000
8.94,0.0013
8.95,0.0000
8.96,0.0003
8.97,0.0000
8.98,0.0000
8.99,0.0000
9.00,0.0000
9.01,0.0000
9.02,0.0000
9.03,0.0009
9.04,0.0000
9.05,0.0026
9.06,0.0019
9.07,0.0010
9.08,0.0002
9.09,0.0001
9.10,0.0000
9.11,0.0008
9.12,0.0017
9.13,0.0000
9.14,0.0000
9.15,0.0000
9.16,0.0005
9.17,0.0003
9.18,0.0000
9.19,0.0000
9.20,0.0002
9.21,0.0000
9.22,0.0000
9.23,0.0000
9.24,0.0000
9.25,0.0021
9.26,0.0016
9.27,0.0000
9.28,0.0034
9.29,0.0000
9.30,0.0000
9.31,0.0000
9.32,0.0000
9.33,0.0000
9.34,0.0000
9.35,0.0015
9.36,0.0020
9.37,0.0003
9.38,0.0000
9.39,0.0014
9.40,0.0005
9.41,0.0006
9.42,0.0000
9.43,0.0000
9.44,0.0000
9.45,0.0015
9.46,0.0004
9.47,0.0000
9.48,0.0000
9.49,0.0010
9.50,0.0001
9.51,0.0021
9.52,0.0000
9.53,0.0000
9.54,0.0000
9.55,0.0000
9.56,0.0000
9.57,0.0000
9.58,0.0003
9.59,0.0000
9.60,0.0000
9.61,0.0004
9.62,0.0018
9.63,0.0000
9.64,0.0000
9.65,0.0001
9.66,0.0000
9.67,0.0000
9.68,0.0000
9.69,0.0010
9.70,0.0000
9.71,0.0014
9.72,0.0004
9.73,0.0009
9.74,0.0000
9.75,0.0002
9.76,0.0000
9.77,0.0000
9.78,0.0016
9.79,0.0000
9.80,0.0003
9.81,0.0000
9.82,0.0000
9.83,0.0000
9.84,0.0010
9.85,0.0005
9.86,0.0001
9.87,0.0000
9.88,0.0000
9.89,0.0003
9.90,0.0003
9.91,0.0003
9.92,0.0000
9.93,0.0015
9.94,0.0001
9.95,0.0013
9.96,0.0008
9.97,0.0004
9.98,0.0017
9.99,0.0022
10.00,0.0013
10.01,0.0000
10.02,0.0004
10.03,0.0000
10.04,0.0005
10.05,0.0000
10.06,0.0000
10.07,0.0019
10.08,0.0000
10.09,0.0000
10.10,0.0000
10.11,0.0000
10.12,0.0000
10.13,0.0000
10.14,0.0003
10.15,0.0000
10.16,0.0002
10.17,0.0005
10.18,0.0004
10.19,0.0000
10.20,0.0029
10.21,0.0000
10.22,0.0003
10.23,0.0000
10.24,0.0011
10.25,0.0000
10.26,0.0030
10.27,0.0000
10.28,0.0000
10.29,0.0000
10.30,0.0015
10.31,0.0000
10.32,0.0004
10.33,0.0000
10.34,0.0010
10.35,0.0000
10.36,0.0008
10.37,0.0004
10.38,0.0000
10.39,0.0000
10.40,0.0009
10.41,0.0000
10.42,0.0000
10.43,0.0000
10.44,0.0000
10.45,0.0002
10.46,0.0025
10.47,0.0004
10.48,0.0003
10.49,0.0006
10.50,0.0019
10.51,0.0000
10.52,0.0007
10.53,0.0020
10.54,0.0000
10.55,0.0017
10.56,0.0014
10.57,0.0000
10.58,0.0000
10.59,0.0000
10.60,0.0000
10.61,0.0000
10.62,0.0014
10.63,0.0003
10.64,0.0010
10.65,0.0014
10.66,0.0003
10.67,0.0013
10.68,0.0000
10.69,0.0000
10.70,0.0002
10.71,0.0000
10.72,0.0000
10.73,0.0000
10.74,0.0005
10.75,0.0000
10.76,0.0000
10.77,0.0000
10.78,0.0003
10.79,0.0001
10.80,0.0000
10.81,0.0011
10.82,0.0001
10.83,0.0005
10.84,0.0004
10.85,0.0000
10.86,0.0000
10.87,0.0000
10.88,0.0000
10.89,0.0000
10.90,0.0006
10.91,0.0000
10.92,0.0002
10.93,0.0009
10.94,0.0000
10.95,0.0004
10.96,0.0000
10.97,0.0000
10.98,0.0018
10.99,0.0002
11.00,0.0002
11.01,0.0016
11.02,0.0000
11.03,0.0000
11.04,0.0007
11.05,0.0000
11.06,0.0006
11.07,0.0000
11.08,0.0000
11.09,0.0000
11.10,0.0009
11.11,0.0014
11.12,0.0019
11.13,0.0019
11.14,0.0008
11.15,0.0006
11.16,0.0000
11.17,0.0000
11.18,0.0005
11.19,0.0000
11.20,0.0018
11.21,0.0015
11.22,0.0036
11.23,0.0008
11.24,0.0005
11.25,0.0000
11.26,0.0000
11.27,0.0000
11.28,0.0015
11.29,0.0020
11.30,0.0006
11.31,0.0002
11.32,0.0000
11.33,0.0002
11.34,0.0010
11.35,0.0013
11.36,0.0012
11.37,0.0007
11.38,0.0019
11.39,0.0001
11.40,0.0000
11.41,0.0000
11.42,0.0008
11.43,0.0009
11.44,0.0011
11.45,0.0000
11.46,0.0000
11.47,0.0000
11.48,0.0000
11.49,0.0000
11.50,0.0023
11.51,0.0001
11.52,0.0009
11.53,0.0000
11.54,0.0000
11.55,0.0000
11.56,0.0000
11.57,0.0013
11.58,0.0004
11.59,0.0003
11.60,0.0007
11.61,0.0000
11.62,0.0011
11.63,0.0003
11.64,0.0000
11.65,0.0000
11.66,0.0000
11.67,0.0000
11.68,0.0000
11.69,0.0006
11.70,0.0000
11.71,0.0013
11.72,0.0031
11.73,0.0000
11.74,0.0008
11.75,0.0005
11.76,0.0000
11.77,0.0003
11.78,0.0000
11.79,0.0031
11.80,0.0000
11.81,0.0008
11.82,0.0000
11.83,0.0000
11.84,0.0000
11.85,0.0000
11.86,0.0000
11.87,0.0000
11.88,0.0005
11.89,0.0004
11.90,0.0000
11.91,0.0000
11.92,0.0003
11.93,0.0000
11.94,0.0000
11.95,0.0000
11.96,0.0021
11.97,0.0000
11.98,0.0003
11.99,0.0013
12.00,0.0000
12.01,0.0008
12.02,0.0001
12.03,0.0008
12.04,0.0024
12.05,0.0000
12.06,0.0001
12.07,0.0000
12.08,0.0011
12.09,0.0000
12.10,0.0014
12.11,0.0010
12.12,0.0010
12.13,0.0000
12.14,0.0000
12.15,0.0010
12.16,0.0005
12.17,0.0017
12.18,0.0018
12.19,0.0003
12.20,0.0008
12.21,0.0000
12.22,0.0002
12.23,0.0011
12.24,0.0005
12.25,0.0011
12.26,0.0026
12.27,0.0023
12.28,0.0021
12.29,0.0016
12.30,0.0005
12.31,0.0029
12.32,0.0025
12.33,0.0037
12.34,0.0038
12.35,0.0053
12.36,0.0073
12.37,0.0068
12.38,0.0061
12.39,0.0068
12.40,0.0100
12.41,0.0118
12.42,0.0131
12.43,0.0160
12.44,0.0214
12.45,0.0225
12.46,0.0252
12.47,0.0288
12.48,0.0322
12.49,0.0329
12.50,0.0373
12.51,0.0415
12.52,0.0463
12.53,0.0518
12.54,0.0575
12.55,0.0607
12.56,0.0653
12.57,0.0723
12.58,0.0753
12.59,0.0822
12.60,0.0841
12.61,0.0882
12.62,0.0934
12.63,0.0978
12.64,0.1008
12.65,0.1043
12.66,0.1057
12.67,0.1108
12.68,0.1131
12.69,0.1134
12.70,0.1147
12.71,0.1176
12.72,0.1155
12.73,0.1145
12.74,0.1168
12.75,0.1164
12.76,0.1128
12.77,0.1142
12.78,0.1132
12.79,0.1098
12.80,0.1087
12.81,0.1049
12.82,0.1008
12.83,0.1010
12.84,0.0979
12.85,0.0921
12.86,0.0898
12.87,0.0879
12.88,0.0848
12.89,0.0803
12.90,0.0736
12.91,0.0731
12.92,0.0687
12.93,0.0645
12.94,0.0613
12.95,0.0562
12.96,0.0540
12.97,0.0521
12.98,0.0460
12.99,0.0448
13.00,0.0418
13.01,0.0369
13.02,0.0359
13.03,0.0336
13.04,0.0289
13.05,0.0270
13.06,0.0257
13.07,0.0215
13.08,0.0218
13.09,0.0202
13.10,0.0191
13.11,0.0164
13.12,0.0126
13.13,0.0130
13.14,0.0126
13.15,0.0118
13.16,0.0073
13.17,0.0074
13.18,0.0067
13.19,0.0054
13.20,0.0057
13.21,0.0064
13.22,0.0019
13.23,0.0031
13.24,0.0024
13.25,0.0053
13.26,0.0002
13.27,0.0015
13.28,0.0039
13.29,0.0000
13.30,0.0019
13.31,0.0007
13.32,0.0007
13.33,0.0032
13.34,0.0009
13.35,0.0013
13.36,0.0000
13.37,0.0032
13.38,0.0013
13.39,0.0007
13.40,0.0006
13.41,0.0023
13.42,0.0007
13.43,0.0000
13.44,0.0000
13.45,0.0010
13.46,0.0005
13.47,0.0020
13.48,0.0028
13.49,0.0011
13.50,0.0000
13.51,0.0000
13.52,0.0000
13.53,0.0010
13.54,0.0007
13.55,0.0024
13.56,0.0000
13.57,0.0013
13.58,0.0000
13.59,0.0000
13.60,0.0011
13.61,0.0005
13.62,0.0000
13.63,0.0000
13.64,0.0007
13.65,0.0000
13.66,0.0000
13.67,0.0007
13.68,0.0000
13.69,0.0000
13.70,0.0012
13.71,0.0000
13.72,0.0000
13.73,0.0009
13.74,0.0007
13.75,0.0008
13.76,0.0000
13.77,0.0000
13.78,0.0000
13.79,0.0007
13.80,0.0010
13.81,0.0013
13.82,0.0015
13.83,0.0003
13.84,0.0000
13.85,0.0000
13.86,0.0000
13.87,0.0000
13.88,0.0011
13.89,0.0000
13.90,0.0000
13.91,0.0000
13.92,0.0012
13.93,0.0004
13.94,0.0007
13.95,0.0009
13.96,0.0000
13.97,0.0010
13.98,0.0012
13.99,0.0014
14.00,0.0005
14.01,0.0000
14.02,0.0018
14.03,0.0008
14.04,0.0012
14.05,0.0005
14.06,0.0000
14.07,0.0009
14.08,0.0000
14.09,0.0000
14.10,0.0013
14.11,0.0000
14.12,0.0000
14.13,0.0006
14.14,0.0000
14.15,0.0007
14.16,0.0001
14.17,0.0000
14.18,0.0000
14.19,0.0000
14.20,0.0000
14.21,0.0000
14.22,0.0004
14.23,0.0000
14.24,0.0007
14.25,0.0000
14.26,0.0015
14.27,0.0017
14.28,0.0024
14.29,0.0014
14.30,0.0000
14.31,0.0004
14.32,0.0000
14.33,0.0000
14.34,0.0000
14.35,0.0004
14.36,0.0031
14.37,0.0000
14.38,0.0000
14.39,0.0006
14.40,0.0003
14.41,0.0007
14.42,0.0000
14.43,0.0000
14.44,0.0004
14.45,0.0003
14.46,0.0000
14.47,0.0009
14.48,0.0000
14.49,0.0000
14.50,0.0000
14.51,0.0000
14.52,0.0000
14.53,0.0000
14.54,0.0000
14.55,0.0010
14.56,0.0010
14.57,0.0011
14.58,0.0000
14.59,0.0018
14.60,0.0000
14.61,0.0000
14.62,0.0000
14.63,0.0013
14.64,0.0015
14.65,0.0000
14.66,0.0009
14.67,0.0000
14.68,0.0000
14.69,0.0000
14.70,0.0000
14.71,0.0028
14.72,0.0009
14.73,0.0004
14.74,0.0017
14.75,0.0005
14.76,0.0007
14.77,0.0008
14.78,0.0027
14.79,0.0010
14.80,0.0014
14.81,0.0014
14.82,0.0012
14.83,0.0008
14.84,0.0005
14.85,0.0009
14.86,0.0020
14.87,0.0024
14.88,0.0012
14.89,0.0008
14.90,0.0000
14.91,0.0007
14.92,0.0003
14.93,0.0012
14.94,0.0005
14.95,0.0010
14.96,0.0000
14.97,0.0000
14.98,0.0000
14.99,0.0000
15.00,0.0012
15.01,0.0000
15.02,0.0000
15.03,0.0000
15.04,0.0000
15.05,0.0007
15.06,0.0000
15.07,0.0005
15.08,0.0012
15.09,0.0015
15.10,0.0003
15.11,0.0000
15.12,0.0005
15.13,0.0008
15.14,0.0020
15.15,0.0000
15.16,0.0000
15.17,0.0007
15.18,0.0000
15.19,0.0011
15.20,0.0005
15.21,0.0019
15.22,0.0009
15.23,0.0000
15.24,0.0000
15.25,0.0000
15.26,0.0001
15.27,0.0000
15.28,0.0000
15.29,0.0000
15.30,0.0009
15.31,0.0010
15.32,0.0000
15.33,0.0002
15.34,0.0000
15.35,0.0000
15.36,0.0023
15.37,0.0013
15.38,0.0009
15.39,0.0014
15.40,0.0000
15.41,0.0001
15.42,0.0000
15.43,0.0009
15.44,0.0011
15.45,0.0000
15.46,0.0000
15.47,0.0016
15.48,0.0003
15.49,0.0000
15.50,0.0000
15.51,0.0002
15.52,0.0000
15.53,0.0000
15.54,0.0016
15.55,0.0000
15.56,0.0008
15.57,0.0013
15.58,0.0000
15.59,0.0000
15.60,0.0009
15.61,0.0009
15.62,0.0010
15.63,0.0000
15.64,0.0007
15.65,0.0000
15.66,0.0006
15.67,0.0000
15.68,0.0005
15.69,0.0017
15.70,0.0014
15.71,0.0006
15.72,0.0012
15.73,0.0000
15.74,0.0000
15.75,0.0000
15.76,0.0000
15.77,0.0000
15.78,0.0000
15.79,0.0005
15.80,0.0000
15.81,0.0000
15.82,0.0000
15.83,0.0002
15.84,0.0002
15.85,0.0000
15.86,0.0008
15.87,0.0000
15.88,0.0012
15.89,0.0003
15.90,0.0008
15.91,0.0000
15.92,0.0002
15.93,0.0013
15.94,0.0005
15.95,0.0000
15.96,0.0011
15.97,0.0016
15.98,0.0011
15.99,0.0012
16.00,0.0013
16.01,0.0009
16.02,0.0004
16.03,0.0008
16.04,0.0016
16.05,0.0008
16.06,0.0000
16.07,0.0008
16.08,0.0012
16.09,0.0000
16.10,0.0002
16.11,0.0010
16.12,0.0000
16.13,0.0000
16.14,0.0003
16.15,0.0000
16.16,0.0017
16.17,0.0000
16.18,0.0000
16.19,0.0000
16.20,0.0005
16.21,0.0000
16.22,0.0010
16.23,0.0007
16.24,0.0000
16.25,0.0000
16.26,0.0000
16.27,0.0000
16.28,0.0000
16.29,0.0000
16.30,0.0009
16.31,0.0007
16.32,0.0000
16.33,0.0000
16.34,0.0009
16.35,0.0000
16.36,0.0000
16.37,0.0006
16.38,0.0000
16.39,0.0000
16.40,0.0000
16.41,0.0000
16.42,0.0012
16.43,0.0008
16.44,0.0002
16.45,0.0000
16.46,0.0010
16.47,0.0000
16.48,0.0015
16.49,0.0029
16.50,0.0007
16.51,0.0009
16.52,0.0006
16.53,0.0023
16.54,0.0000
16.55,0.0000
16.56,0.0000
16.57,0.0000
16.58,0.0000
16.59,0.0000
16.60,0.0002
16.61,0.0012
16.62,0.0000
16.63,0.0000
16.64,0.0016
16.65,0.0002
16.66,0.0005
16.67,0.0000
16.68,0.0001
16.69,0.0003
16.70,0.0000
16.71,0.0000
16.72,0.0009
16.73,0.0000
16.74,0.0000
16.75,0.0000
16.76,0.0000
16.77,0.0000
16.78,0.0002
16.79,0.0008
16.80,0.0000
16.81,0.0006
16.82,0.0013
16.83,0.0000
16.84,0.0001
16.85,0.0000
16.86,0.0000
16.87,0.0000
16.88,0.0010
16.89,0.0000
16.90,0.0007
16.91,0.0002
16.92,0.0007
16.93,0.0006
16.94,0.0011
16.95,0.0000
16.96,0.0002
16.97,0.0006
16.98,0.0013
16.99,0.0000
17.00,0.0004
17.01,0.0005
17.02,0.0012
17.03,0.0013
17.04,0.0005
17.05,0.0000
17.06,0.0000
17.07,0.0000
17.08,0.0000
17.09,0.0000
17.10,0.0000
17.11,0.0000
17.12,0.0001
17.13,0.0000
17.14,0.0004
17.15,0.0000
17.16,0.0005
17.17,0.0011
17.18,0.0012
17.19,0.0000
17.20,0.0010
17.21,0.0000
17.22,0.0020
17.23,0.0017
17.24,0.0007
17.25,0.0002
17.26,0.0010
17.27,0.0000
17.28,0.0000
17.29,0.0000
17.30,0.0016
17.31,0.0029
17.32,0.0000
17.33,0.0000
17.34,0.0000
17.35,0.0000
17.36,0.0004
17.37,0.0005
17.38,0.0000
17.39,0.0001
17.40,0.0004
17.41,0.0000
17.42,0.0004
17.43,0.0000
17.44,0.0000
17.45,0.0000
17.46,0.0000
17.47,0.0010
17.48,0.0000
17.49,0.0000
17.50,0.0000
17.51,0.0000
17.52,0.0005
17.53,0.0004
17.54,0.0004
17.55,0.0000
17.56,0.0011
17.57,0.0000
17.58,0.0000
17.59,0.0000
17.60,0.0000
17.61,0.0000
17.62,0.0000
17.63,0.0010
17.64,0.0014
17.65,0.0022
17.66,0.0000
17.67,0.0000
17.68,0.0003
17.69,0.0000
17.70,0.0018
17.71,0.0000
17.72,0.0000
17.73,0.0000
17.74,0.0003
17.75,0.0022
17.76,0.0000
17.77,0.0000
17.78,0.0011
17.79,0.0000
17.80,0.0000
17.81,0.0000
17.82,0.0000
17.83,0.0012
17.84,0.0019
17.85,0.0000
17.86,0.0027
17.87,0.0000
17.88,0.0011
17.89,0.0024
17.90,0.0000
17.91,0.0009
17.92,0.0016
17.93,0.0000
17.94,0.0000
17.95,0.0000
17.96,0.0000
17.97,0.0009
17.98,0.0016
17.99,0.0000
18.00,0.0000
18.01,0.0005
18.02,0.0000
18.03,0.0001
18.04,0.0009
18.05,0.0000
18.06,0.0000
18.07,0.0031
18.08,0.0000
18.09,0.0002
18.10,0.0000
18.11,0.0000
18.12,0.0000
18.13,0.0000
18.14,0.0004
18.15,0.0000
18.16,0.0000
18.17,0.0000
18.18,0.0004
18.19,0.0000
18.20,0.0000
18.21,0.0000
18.22,0.0000
18.23,0.0000
18.24,0.0012
18.25,0.0004
18.26,0.0000
18.27,0.0000
18.28,0.0000
18.29,0.0001
18.30,0.0000
18.31,0.0024
18.32,0.0017
18.33,0.0003
18.34,0.0000
18.35,0.0016
18.36,0.0009
18.37,0.0011
18.38,0.0007
18.39,0.0009
18.40,0.0007
18.41,0.0007
18.42,0.0000
18.43,0.0000
18.44,0.0016
18.45,0.0000
18.46,0.0000
18.47,0.0014
18.48,0.0002
18.49,0.0002
18.50,0.0000
18.51,0.0012
18.52,0.0018
18.53,0.0000
18.54,0.0000
18.55,0.0000
18.56,0.0000
18.57,0.0006
18.58,0.0000
18.59,0.0000
18.60,0.0020
18.61,0.0004
18.62,0.0000
18.63,0.0000
18.64,0.0000
18.65,0.0000
18.66,0.0000
18.67,0.0024
18.68,0.0003
18.69,0.0003
18.70,0.0006
18.71,0.0000
18.72,0.0008
18.73,0.0007
18.74,0.0007
18.75,0.0000
18.76,0.0000
18.77,0.0004
18.78,0.0018
18.79,0.0000
18.80,0.0000
18.81,0.0012
18.82,0.0004
18.83,0.0000
18.84,0.0000
18.85,0.0004
18.86,0.0000
18.87,0.0000
18.88,0.0001
18.89,0.0014
18.90,0.0000
18.91,0.0023
18.92,0.0000
18.93,0.0001
18.94,0.0023
18.95,0.0007
18.96,0.0000
18.97,0.0000
18.98,0.0000
18.99,0.0007
19.00,0.0002
19.01,0.0005
19.02,0.0017
19.03,0.0003
19.04,0.0000
19.05,0.0022
19.06,0.0000
19.07,0.0007
19.08,0.0014
19.09,0.0003
19.10,0.0003
19.11,0.0005
19.12,0.0007
19.13,0.0000
19.14,0.0000
19.15,0.0013
19.16,0.0007
19.17,0.0000
19.18,0.0004
19.19,0.0013
19.20,0.0000
19.21,0.0022
19.22,0.0003
19.23,0.0000
19.24,0.0000
19.25,0.0000
19.26,0.0000
19.27,0.0019
19.28,0.0000
19.29,0.0000
19.30,0.0000
19.31,0.0000
19.32,0.0000
19.33,0.0011
19.34,0.0006
19.35,0.0000
19.36,0.0000
19.37,0.0010
19.38,0.0000
19.39,0.0000
19.40,0.0000
19.41,0.0000
19.42,0.0006
19.43,0.0000
19.44,0.0020
19.45,0.0000
19.46,0.0000
19.47,0.0000
19.48,0.0001
19.49,0.0001
19.50,0.0000
19.51,0.0000
19.52,0.0000
19.53,0.0000
19.54,0.0004
19.55,0.0012
19.56,0.0005
19.57,0.0000
19.58,0.0006
19.59,0.0002
19.60,0.0009
19.61,0.0011
19.62,0.0000
19.63,0.0000
19.64,0.0004
19.65,0.0000
19.66,0.0000
19.67,0.0000
19.68,0.0000
19.69,0.0000
19.70,0.0002
19.71,0.0000
19.72,0.0000
19.73,0.0026
19.74,0.0004
19.75,0.0000
19.76,0.0003
19.77,0.0003
19.78,0.0000
19.79,0.0013
19.80,0.0013
19.81,0.0005
19.82,0.0003
19.83,0.0014
19.84,0.0024
19.85,0.0021
19.86,0.0003
19.87,0.0000
19.88,0.0000
19.89,0.0000
19.90,0.0003
19.91,0.0000
19.92,0.0000
19.93,0.0015
19.94,0.0000
19.95,0.0006
19.96,0.0003
19.97,0.0006
19.98,0.0000
19.99,0.0003
20.00,0.0001
20.01,0.0006
20.02,0.0005
20.03,0.0000
20.04,0.0023
20.05,0.0019
20.06,0.0001
20.07,0.0004
20.08,0.0011
20.09,0.0000
20.10,0.0012
20.11,0.0004
20.12,0.0009
20.13,0.0008
20.14,0.0012
20.15,0.0000
20.16,0.0008
20.17,0.0007
20.18,0.0001
20.19,0.0000
20.20,0.0000
20.21,0.0000
20.22,0.0000
20.23,0.0004
20.24,0.0000
20.25,0.0000
20.26,0.0000
20.27,0.0006
20.28,0.0000
20.29,0.0009
20.30,0.0000
20.31,0.0000
20.32,0.0000
20.33,0.0000
20.34,0.0000
20.35,0.0007
20.36,0.0010
20.37,0.0000
20.38,0.0000
20.39,0.0010
20.40,0.0000
20.41,0.0000
20.42,0.0015
20.43,0.0000
20.44,0.0014
20.45,0.0002
20.46,0.0000
20.47,0.0000
20.48,0.0005
20.49,0.0004
20.50,0.0003
20.51,0.0000
20.52,0.0000
20.53,0.0007
20.54,0.0000
20.55,0.0000
20.56,0.0000
20.57,0.0000
20.58,0.0000
20.59,0.0013
20.60,0.0005
20.61,0.0000
20.62,0.0000
20.63,0.0015
20.64,0.0012
20.65,0.0014
20.66,0.0015
20.67,0.0007
20.68,0.0000
20.69,0.0000
20.70,0.0000
20.71,0.0015
20.72,0.0000
20.73,0.0000
20.74,0.0000
20.75,0.0003
20.76,0.0000
20.77,0.0000
20.78,0.0000
20.79,0.0000
20.80,0.0000
20.81,0.0020
20.82,0.0000
20.83,0.0000
20.84,0.0005
20.85,0.0000
20.86,0.0007
20.87,0.0027
20.88,0.0000
20.89,0.0010
20.90,0.0000
20.91,0.0000
20.92,0.0007
20.93,0.0000
20.94,0.0013
20.95,0.0000
20.96,0.0005
20.97,0.0003
20.98,0.0008
20.99,0.0005
21.00,0.0003
21.01,0.0000
21.02,0.0004
21.03,0.0003
21.04,0.0000
21.05,0.0001
21.06,0.0000
21.07,0.0011
21.08,0.0018
21.09,0.0008
21.10,0.0013
21.11,0.0000
21.12,0.0004
21.13,0.0000
21.14,0.0011
21.15,0.0000
21.16,0.0000
21.17,0.0000
21.18,0.0001
21.19,0.0000
21.20,0.0005
21.21,0.0000
21.22,0.0000
21.23,0.0000
21.24,0.0000
21.25,0.0000
21.26,0.0000
21.27,0.0000
21.28,0.0016
21.29,0.0000
21.30,0.0008
21.31,0.0012
21.32,0.0000
21.33,0.0020
21.34,0.0002
21.35,0.0026
21.36,0.0000
21.37,0.0004
21.38,0.0004
21.39,0.0000
21.40,0.0000
21.41,0.0000
21.42,0.0000
21.43,0.0000
21.44,0.0003
21.45,0.0008
21.46,0.0001
21.47,0.0000
21.48,0.0003
21.49,0.0000
21.50,0.0000
21.51,0.0000
21.52,0.0000
21.53,0.0000
21.54,0.0000
21.55,0.0000
21.56,0.0000
21.57,0.0000
21.58,0.0028
21.59,0.0000
21.60,0.0002
21.61,0.0006
21.62,0.0009
21.63,0.0000
21.64,0.0000
21.65,0.0013
21.66,0.0001
21.67,0.0000
21.68,0.0021
21.69,0.0000
21.70,0.0006
21.71,0.0002
21.72,0.0005
21.73,0.0029
21.74,0.0008
21.75,0.0009
21.76,0.0008
21.77,0.0024
21.78,0.0000
21.79,0.0000
21.80,0.0002
21.81,0.0000
21.82,0.0000
21.83,0.0000
21.84,0.0000
21.85,0.0000
21.86,0.0002
21.87,0.0009
21.88,0.0000
21.89,0.0009
21.90,0.0019
21.91,0.0001
21.92,0.0002
21.93,0.0002
21.94,0.0000
21.95,0.0000
21.96,0.0000
21.97,0.0001
21.98,0.0017
21.99,0.0000
22.00,0.0001
22.01,0.0014
22.02,0.0005
22.03,0.0000
22.04,0.0005
22.05,0.0015
22.06,0.0000
22.07,0.0010
22.08,0.0000
22.09,0.0000
22.10,0.0000
22.11,0.0011
22.12,0.0000
22.13,0.0000
22.14,0.0013
22.15,0.0000
22.16,0.0020
22.17,0.0000
22.18,0.0000
22.19,0.0005
22.20,0.0012
22.21,0.0000
22.22,0.0004
22.23,0.0015
22.24,0.0000
22.25,0.0010
22.26,0.0000
22.27,0.0000
22.28,0.0002
22.29,0.0005
22.30,0.0000
22.31,0.0000
22.32,0.0000
22.33,0.0009
22.34,0.0001
22.35,0.0028
22.36,0.0000
22.37,0.0000
22.38,0.0000
22.39,0.0000
22.40,0.0000
22.41,0.0000
22.42,0.0005
22.43,0.0015
22.44,0.0013
22.45,0.0000
22.46,0.0000
22.47,0.0000
22.48,0.0000
22.49,0.0006
22.50,0.0007
22.51,0.0000
22.52,0.0007
22.53,0.0010
22.54,0.0000
22.55,0.0000
22.56,0.0006
22.57,0.0000
22.58,0.0000
22.59,0.0004
22.60,0.0000
22.61,0.0000
22.62,0.0000
22.63,0.0000
22.64,0.0000
22.65,0.0007
22.66,0.0000
22.67,0.0013
22.68,0.0000
22.69,0.0005
22.70,0.0000
22.71,0.0000
22.72,0.0018
22.73,0.0012
22.74,0.0000
22.75,0.0003
22.76,0.0004
22.77,0.0000
22.78,0.0025
22.79,0.0002
22.80,0.0004
22.81,0.0001
22.82,0.0003
22.83,0.0006
22.84,0.0000
22.85,0.0007
22.86,0.0000
22.87,0.0000
22.88,0.0019
22.89,0.0000
22.90,0.0015
22.91,0.0005
22.92,0.0010
22.93,0.0005
22.94,0.0000
22.95,0.0006
22.96,0.0000
22.97,0.0000
22.98,0.0005
22.99,0.0000
23.00,0.0000
23.01,0.0000
23.02,0.0000
23.03,0.0000
23.04,0.0000
23.05,0.0024
23.06,0.0000
23.07,0.0004
23.08,0.0003
23.09,0.0000
23.10,0.0000
23.11,0.0000
23.12,0.0005
23.13,0.0000
23.14,0.0018
23.15,0.0000
23.16,0.0000
23.17,0.0007
23.18,0.0000
23.19,0.0000
23.20,0.0004
23.21,0.0016
23.22,0.0000
23.23,0.0000
23.24,0.0017
23.25,0.0000
23.26,0.0000
23.27,0.0000
23.28,0.0027
23.29,0.0000
23.30,0.0007
23.31,0.0004
23.32,0.0022
23.33,0.0000
23.34,0.0000
23.35,0.0000
23.36,0.0000
23.37,0.0007
23.38,0.0015
23.39,0.0011
23.40,0.0014
23.41,0.0030
23.42,0.0010
23.43,0.0007
23.44,0.0014
23.45,0.0017
23.46,0.0010
23.47,0.0000
23.48,0.0022
23.49,0.0000
23.50,0.0000
23.51,0.0000
23.52,0.0000
23.53,0.0019
23.54,0.0020
23.55,0.0000
23.56,0.0000
23.57,0.0000
23.58,0.0000
23.59,0.0031
23.60,0.0006
23.61,0.0007
23.62,0.0000
23.63,0.0000
23.64,0.0004
23.65,0.0012
23.66,0.0016
23.67,0.0000
23.68,0.0000
23.69,0.0000
23.70,0.0006
23.71,0.0000
23.72,0.0012
23.73,0.0000
23.74,0.0014
23.75,0.0000
23.76,0.0016
23.77,0.0011
23.78,0.0006
23.79,0.0002
23.80,0.0007
23.81,0.0000
23.82,0.0004
23.83,0.0000
23.84,0.0000
23.85,0.0009
23.86,0.0010
23.87,0.0000
23.88,0.0000
23.89,0.0008
23.90,0.0000
23.91,0.0002
23.92,0.0000
23.93,0.0025
23.94,0.0000
23.95,0.0000
23.96,0.0000
23.97,0.0000
23.98,0.0000
23.99,0.0000
24.00,0.0009
24.01,0.0000
24.02,0.0003
24.03,0.0000
24.04,0.0000
24.05,0.0011
24.06,0.0010
24.07,0.0000
24.08,0.0000
24.09,0.0009
24.10,0.0000
24.11,0.0015
24.12,0.0000
24.13,0.0014
24.14,0.0000
24.15,0.0000
24.16,0.0000
24.17,0.0012
24.18,0.0000
24.19,0.0010
24.20,0.0000
24.21,0.0003
24.22,0.0000
24.23,0.0005
24.24,0.0009
24.25,0.0000
24.26,0.0000
24.27,0.0000
24.28,0.0002
24.29,0.0006
24.30,0.0000
24.31,0.0000
24.32,0.0005
24.33,0.0000
24.34,0.0000
24.35,0.0008
24.36,0.0000
24.37,0.0012
24.38,0.0000
24.39,0.0022
24.40,0.0000
24.41,0.0007
24.42,0.0002
24.43,0.0000
24.44,0.0001
24.45,0.0000
24.46,0.0008
24.47,0.0002
24.48,0.0014
24.49,0.0023
24.50,0.0014
24.51,0.0012
24.52,0.0028
24.53,0.0000
24.54,0.0022
24.55,0.0015
24.56,0.0006
24.57,0.0001
24.58,0.0000
24.59,0.0015
24.60,0.0011
24.61,0.0002
24.62,0.0006
24.63,0.0000
24.64,0.0000
24.65,0.0017
24.66,0.0000
24.67,0.0000
24.68,0.0000
24.69,0.0000
24.70,0.0000
24.71,0.0000
24.72,0.0000
24.73,0.0000
24.74,0.0000
24.75,0.0000
24.76,0.0004
24.77,0.0003
24.78,0.0013
24.79,0.0000
24.80,0.0000
24.81,0.0000
24.82,0.0009
24.83,0.0000
24.84,0.0007
24.85,0.0000
24.86,0.0007
24.87,0.0015
24.88,0.0005
24.89,0.0010
24.90,0.0000
24.91,0.0001
24.92,0.0002
24.93,0.0000
24.94,0.0000
24.95,0.0000
24.96,0.0004
24.97,0.0004
24.98,0.0002
24.99,0.0004
25.00,0.0000
